? s?,Tàn c?i,Sort desc,Image,Desc,S? ngÖy ? ?Éy,K?t qu? x£c s?c 1,K?t qu? x£c s?c 2,K?t qu? x£c s?c 3,K?t qu? x£c s?c 4,K?t qu? x£c s?c 5,K?t qu? x£c s?c 6
1,Kim Cang ??a Ng?c,"C?i Th?ng Kh? Cho 
K? Ph?n B?i M?t Th?a",Realm_01.jpg,"??c T°nh H?y Di?t
C?u tr£c: Hai chÖy kim cang (Vajra) chÇo nhau kh¢a l?i tho†t ? ""Khìng th? ph† v? b?ng th?n thìng hay h?i c?i.""
Hçnh ph?t:
Khìng ?au ??n th? x†c, mÖ lÖ n?i kinh hoÖng tÉm linh ? †m ?nh b?i qu? th?n h? ph†p (Dharmap?la) nh? Mah?k?la, Vajrabhairava.
""T? mçnh nhçn th?y nghi?p l?c bi?n thÖnh qu? s? ? khìng ai c?u ???c ngoÖi ch°nh mçnh.""
Nguyàn NhÉn ??a L?c
Theo l?i ??c Milarepa:
Ph† h?y gi?i lu?t M?t th?a (Samaya).
L?i d?ng ph†p tu vç tham v?ng c† nhÉn.
LÖm t?n th??ng thÉn-kh?u-? c?a hÖnh gi? Kim Cang th?a.
ChÖ ??p ??i Bi TÉm ? bi?n th?n ch£ thÖnh cìng c? h?i ng??i.
""Dó bay làn tr?i cao,
R?i c?ng r?i vÖo Vajra Hell ?
N?i nh?ng k? ph?n b?i ch°nh l?i th? gi†c ng? c?a mçnh.""
C†ch Tho†t Kh?i
Ph??ng ph†p duy nh?t:
ThÖnh tÉm s†m h?i v?i B?n tìn (Yidam), t†i th? gi?i Kim Cang.
Qu†n t??ng ch°nh c†c hçnh t??ng hung n? lÖ h¢a thÉn c?a Tr° Tu?.
CÉu ch£ gi?i nghi?p: ""O? VAJRA KRODHA MAH?BALA H?? PHAT!""
BÖi H?c M?t Th?a
""Gi?i lu?t M?t tìng lÖ c†nh c?a thÇp ? v??t qua thç thÖnh Ph?t, vi ph?m thç ?o? ??a ng?c.""
L?i c?nh b†o c?a Padmasambhava:
""??ng ?? th?n ch£ tràn mìi n?u tÉm cïn ??c t? ?
M?t ph†p nh? dao hai l??i,
K? ngu t? c?t ??t m?ch gi?i tho†t.""",30,9,9,9,9,9,9
2,"Vì Gi†n ??a Ng?c
",Kh? ?au Khìng ng?ng Ngh?,Realm_02.jpg,"Mì T? H?i Hóng
Khìng gian:
Thiàn niàn r?i ng??c xu?ng m?i t?i ?†y ? lï l?a s?t nung ?? r?c, c?a m?/?¢ng ng?u nhiàn ?? t?ng tuy?t v?ng.
""N?n nhÉn b? n?u trong v?c ??ng sìi, ??u ch£c xu?ng nh? h?t g?o trong n?i ch†o.""
Th?i gian:
M?t ki?p = 1.28 t? n?m (theo th?i gian ??a ng?c) ? nh?ng c?m gi†c nh? vì t?n.
Nguyàn NhÉn ??a L?c
Nh?ng nghi?p c?c tr?ng ??a ??n Av?ci:
1. Ng? ngh?ch ??i t?i:
2. Gi?t cha, gi?t m?.
3. Gi?t A-la-h†n.
4. LÖm thÉn Ph?t ch?y m†u.
5. Ph† hïa h?p T?ng.
6. T?i di?t Ph†p:
7. ??t kinh, ph† chóa.
8. B?c h?i T?ng Ni.
9. ??i †c x? h?i:
10. ??u ??c ngu?n n??c c? n??c.
11. H?y ho?i mìi sinh tràn quy mì l?n.
12. ""Ph† ho?i c? h?i gi†c ng? c?a ng??i kh†c ? t?i †c cïn ghà t?m h?n h?y di?t s? s?ng.""
Hçnh Ph?t ??c Bi?t
So s†nh v?i c†c ??a ng?c kh†c:
??a Ng?c ??c ?i?m
??a ng?c n¢ng (No. 3) ?au th? x†c, c¢ l£c ngh?
Ng? qu? (No. 10) ?¢i kh†t tri?n miàn
Av?ci Th? x†c + tinh th?n ?au ??n liàn t?c
?n d? sÉu xa:
""ThÉn tÉm k? ph?m t?i tr? thÖnh nhÖ tó c?a ch°nh h? ? ng?n l?a vì minh thiàu r?i m?i c? h?i gi?i tho†t.""
 BÖi H?c Nghi?p B†o
""Av?ci khìng ph?i hçnh ph?t ? mÖ lÖ h? qu? t?t y?u c?a tÉm ??c †c khìng biàn gi?i.""

L?i c?nh t?nh t? kinh ??a T?ng:
""Dó t?i n?ng m?y c?ng c¢ th? s†m h?i ?
Nh?ng m?t khi ?? r?i vÖo Vì Gi†n,
Ch? cïn bi?t trìng ch? cìng ??c ng??i thÉn h?i h??ng.""",15,17,10,3,3,3,3
3,"??a Ng?c N¢ng & C?c N¢ng
","Nh?ng Lï Thiàu Nghi?p B†o
",Realm_01.jpg,"??c ?i?m Hçnh Ph?t
a. ??a Ng?c N¢ng (Hot Hell)
Nguyàn nhÉn:
1. T?i †c liàn quan ??n l?a (??t r?ng, thiàu s?ng sinh v?t).
2. S†t sinh b?ng c†ch gÉy b?ng, tra t?n b?ng nhi?t.
Hçnh ph?t ?i?n hçnh:
??ng n¢ng ch?y ?? vÖo mi?ng ? thiàu r?i n?i t?ng.
Gai nh?n ?Ém xuyàn h?u mìn làn ??nh ??u.
b. ??a Ng?c C?c N¢ng (Very Hot Hell)
Nguyàn nhÉn:
1. Ph† ho?i tu t?p tÉm linh:
2. C??ng hi?p ni cì/Ph?t t?.
3. D? d? tu s? ph† gi?i.
4. Truy?n b† tÖ thuy?t ph? nh?n nhÉn qu?.
5. L?a ??o (th?y lang b?m, gi†o ph†i gi?).
Hçnh ph?t kinh hoÖng:
Qu? m?t l?a, r?ng c?a kÇo n?n nhÉn vÖo h? s?t n¢ng ??y gai.
So S†nh C†c T?ng ??a Ng?c
Lo?i ??a Ng?c     ??c ?i?m                 Th?i Gian Ch?u Kh?
N¢ng (3)      ?au ??n th? x†c d? d?i          1.000 n?m
C?c N¢ng    Th? x†c + tinh th?n b? thiàu ??t 10.000 n?m
Vì Gi†n (2) Kh? khìng ng?ng ngh? 1 ki?p (1.28 t? n?m)
BÖi H?c NhÉn Qu?
""L?a ??a ng?c ch°nh lÖ l?a tham-sÉn t?ng giÉy ph£t trong tÉm ta.""
Kinh Ph†p C£ (CÉu 136):
""K? ngu gÉy nghi?p †c
T? n?u mçnh trong lï ?
Nh? ve b? l?a ??t
Vç mà ?u?i †nh s†ng.""",10,11,10,8,7,5,2
4,"??a Ng?c Kàu GÖo & 
??i Kàu GÖo
",Ti?ng kàu th?m thi?t ko ng?ng ngh?,Realm_02.jpg,"Nguyàn NhÉn ??a L?c

Hai ??a ng?c nÖy tr?ng ph?t nh?ng t?i l?m d?ng kh?u nghi?p (l?i n¢i vÖ mi?ng l??i):
??a ng?c Kàu GÖo:
- T?i u?ng r??u say d?n ??n ph† gi?i (s†t sinh, tr?m c?p, tÖ dÉm).
- Buìn b†n r??u vç l?i nhu?n ho?c dóng r??u thao t£ng ng??i kh†c.
??a ng?c ??i Kàu GÖo:
- N¢i d?i (v?ng ng?), n¢i l?i †c ??c (†c kh?u), vu kh?ng (? ng?).
- HÖnh vi tham nh?ng: H?i l?, b? cong cìng l?, l?a ??o.

Hçnh Ph?t
??a ng?c Kàu GÖo:
- Qu? s? ?? ??ng n¢ng ch?y vÖo mi?ng, thiàu r?t n?i t?ng.
- N?n nhÉn gÖo thÇt vç ?au ??n (tàn ??a ng?c b?t ngu?n t? Ém thanh nÖy).
??a ng?c ??i Kàu GÖo:
- L??i b? kÇo dÖi vì t?n, qu? s? ?Öo r?nh tràn l??i, ?? ??ng n¢ng + th? sÉu b? ?n l??i.
- ??c bi?t dÖnh cho k? n¢i d?i khi tranh c?i ho?c ph† ho?i ni?m tin.
BÖi H?c ??o ??c
R??u & Ch†nh Ni?m:
Ph?t gi†o khìng c?m r??u tuy?t ??i, nh?ng say x?n d?n ??n ph† gi?i lÖ nghi?p n?ng.
Kinh D??c S? c?nh b†o: ""K? b†n r??u ph† gia mìn, ??a ??a ng?c mi?ng sìi ??ng.""
L?i N¢i ChÉn Th?t:
?c ng? gÉy t?n th??ng sÉu s?c h?n v? kh° ? nghi?p b†o kÇo dÖi qua nhi?u ki?p.
Kinh Ph†p C£: ""L??i khìng x??ng mÖ ??p tan c? ??i ng??i.""

5. Tho†t Kh?i ??a Ng?c
Ph??ng ph†p s†m h?i:
Trç t?ng ch£ ??i Bi ho?c ni?m Ph?t A Di ?Ö ?? chuy?n nghi?p.
Ph¢ng sinh, b? th° ?? cÉn b?ng †c kh?u.
Liàn h? T?nh ??:
Ng??i ni?m Ph?t dó ?? t?o kh?u nghi?p n?ng, n?u ch° thÖnh h?i h??ng, v?n c¢ th? v?ng sinh (theo Qu†n Vì L??ng Th? Kinh).
Fun fact: Trong ngh? thu?t TÉy T?ng, 2 ??a ng?c nÖy th??ng ???c v? v?i qu? s? m?t l?a vÖ n?n nhÉn mi?ng ch?y ??ng n¢ng, mÖu ?? r?c chi?m 80% ì tranh ? bi?u t??ng c?a s?c h?y di?t t? l?i n¢i.",8,13,10,8,6,5,3
5,??a Ng?c Nghi?n êp ,Nghi?n Çp khìng ng?ng ngh?,Realm_01.jpg,"Nguyàn NhÉn ??a L?c

Hai ??a ng?c nÖy tr?ng ph?t nh?ng t?i tr?m c?p vÖ tÖ dÉm k?t h?p v?i s†t sinh ? ??u xu?t ph†t t? tÉm sÉn h?n vÖ †c ?.

??a Ng?c Th?t ?en:
- DÖnh cho k? tr?m c?p, chi?m ?o?t tÖi s?n ng??i kh†c.
- ??c bi?t nghiàm tr?ng n?u ?i käm b?o l?c ho?c gi?t h?i (v° d?: c??p c?a gi?t ng??i).
??a Ng?c Nghi?n êp:
- DÖnh cho k? l?m d?ng tçnh d?c, hi?p dÉm, ho?c dÉm d?c gÉy h?i ??n m?ng s?ng.
- ??c bi?t nh?n m?nh s? dÖy vï tÉm l? do tham †i vÖ ?o gi†c gÉy ra.

Hçnh Ph?t
??a Ng?c Th?t ?en
- N?n nhÉn b? qu? s? tr¢i b?ng dÉy th?ng ?en nh? than, sau ?¢ b? c?a b?ng l??i c?a l?a ho?c ch?t b?ng rçu n¢ng theo c†c v?t ?†nh d?u tràn c? th?.
- Bi?u t??ng: S? ""c?t xÇn"" c?a lïng tham ? cÖng chi?m ?o?t, cÖng b? xÇ n†t.
??a Ng?c Nghi?n êp:
- êp gi?a hai n£i s?t: C? th? b? nghi?n n†t, ch?t ?i s?ng l?i v?nh vi?n.
R?ng l† bÇn: N?n nhÉn th?y b¢ng hçnh ng??i tçnh tràn ng?n cÉy, leo làn thç b? l† nh?n c?a n†t th?t da.
- Khi làn t?i ??nh, ?o ?nh l?i xu?t hi?n d??i g?c ? l† cÉy ??o ng??c h??ng ?? ti?p t?c hÖnh h? tràn ???ng xu?ng.

?n d?: S? tr?ng ph?t c?a d?c v?ng vì t?n ? cÖng ?u?i theo, cÖng ?au ??n.
BÖi H?c ??o ??c
Tr?m c?p & Lïng tham:

Kinh Ph†p C£: ""K? tham lam nh? l?a, cÖng ch†y cÖng thiàu r?i ch°nh mçnh.""

Ph?t gi†o nh?n m?nh b? th° ?? chuy?n h¢a nghi?p tham.

TÖ dÉm & ?i d?c:

D?c v?ng khìng tçnh yàu lÖ g?c c?a kh? ?au ? nh? cÉu chuy?n ng??i leo cÉy trong ??a ng?c.

Kinh T? Th?p Nh? Ch??ng: ""Ng??i †i d?c nh? c?m ?u?c ?i ng??c gi¢, ?t b? b?ng tay.""

5. C†ch Tho†t Nghi?p
S†m h?i:

??i v?i tr?m c?p: HoÖn tr? tÖi s?n, ph¢ng sinh, ?ng h? ng??i nghäo.

??i v?i tÖ dÉm: Tu t?p qu†n b?t t?nh, ni?m Ph?t ?? t?nh h¢a tÉm.

Liàn h? T?nh ??:

Dó ?? t?o nghi?p n?ng, n?u thÖnh tÉm ni?m ""Nam mì A Di ?Ö Ph?t"", v?n c¢ c? h?i v?ng sinh (theo Kinh Vì L??ng Th?).

Hçnh ?nh ngh? thu?t: Trong tranh TÉy T?ng, 2 ??a ng?c nÖy th??ng ???c v? v?i:

DÉy th?ng ?en cu?n quanh thÉn (Black Rope Hell).

N£i s?t Çp m†u ch?y thÖnh sìng (Crushing Hell).",7,13,11,10,7,4,3
6,"??a Ng?c Ph?c Sinh 
",N?i K? S†t Sinh Ch?u Kh?,Realm_02.jpg,"Nguyàn NhÉn ??a L?c

?Éy lÖ ??a ng?c n¢ng ??u tiàn trong 8 t?ng ??a ng?c, dÖnh cho nh?ng k?:

C? ? s†t sinh (gi?t ng??i, ??ng v?t).

GÉy chi?n tranh, tÖn s†t t?p th?.

H?y ho?i mìi tr??ng s?ng (c?t ??t ngu?n n??c/th?c ?n c?a ch£ng sinh).

S?n b?n, gi?t h?i vì t?i v? (nh? th? s?n gi?t h??u, chim).

Hçnh Ph?t

Chu k? gi?t h?i khìng d?t:

N?n nhÉn b? tr¢i thÖnh chu?i, liàn t?c gi?t l?n nhau ? ch?t ? ???c gi¢ l?nh ph?c sinh ? l?p l?i v?nh vi?n.

?n d?: Nghi?p s†t sinh t?o ra vïng b†o ?ng khìng l?i tho†t.

""Khu v?c phÉn th?i"":

Th? s?n ph?i ?n phÉn ??y giun kim c??ng (m? giun c?ng nh? kim c??ng), b? ch£ng ??c ru?t t? bàn trong.

Liàn h?: Hçnh ?nh ph?n chi?u vi?c ??ng v?t b? moi ru?t khi s?n b?n.
BÖi H?c ??o ??c
Kinh Ph†p C£ 129-130:

""M?i ch£ng sinh run r?y tr??c g?y g?c,
T?t c? ??u s? ch?t.
L?y mçnh suy ra ng??i,
??ng gi?t, ??ng b?o gi?t.""

Nghi?p chi?n tranh:

Ng??i gÉy chi?n dó vç ""l? t??ng"" v?n mang nghi?p s†t t?p th?.

5. C†ch Chuy?n H¢a Nghi?p S†t
Ph¢ng sinh: C?u m?ng v?t s?p b? gi?t.

?n chay: Gi?m nhu c?u gi?t m?.

Trç ch£ ??i Bi: Gi?i tr? o†n k?t.

Ni?m Ph?t A Di ?Ö: Nh? Ph?t l?c tiàu tr? nghi?p ch??ng.

T°ch Ph?t gi†o: Vua A D?c sau chi?n tranh Kalinga ?? xÉy b?nh vi?n cho ng??i vÖ th£ ?? s†m h?i.",6,17,12,10,8,5,4
7,"B†t HÖn ??a Ng?c
", C?c L?nh C?t Da XÇ Th?t,Realm_01.jpg,"Nguyàn NhÉn ??a L?c

Kh†c v?i ??a ng?c n¢ng (do sÉn h?n b?c ph†t), 8 t?ng ??a ng?c l?nh nÖy tr?ng ph?t:
T?i ph† ho?i Ch†nh ph†p (ch?ng Ph?t, ph† T?ng, h?y kinh ?i?n).
Lïng sÉn h?n ng?m ng?m, thó ghÇt kÇo dÖi khìng buìng b?.
TÖn nh?n v?i ch£ng sinh (b? ?¢i, ph?i l?nh ng??i/??ng v?t).

T†m T?ng ??a Ng?c L?nh & Hçnh Ph?t

M?i t?ng c¢ tàn g?i mì t? m?c ?? ?¢ng b?ng c?a c? th?:

Tàn ??a Ng?c ??c ?i?m Hçnh Ph?t
1. Arbuda Da n?i bong b¢ng n??c to b?ng tr†i b?u, v? ra gÉy ?au ??n.
2. Nirarbuda Bong b¢ng v? tan, th?t n?t n? nh? ??t khì.
3. Atata R?ng ??p vÖo nhau liàn t?c (ti?ng ""c?ch c?ch""), hÖm r?ng v? v?n.
4. Hahava Mi?ng ?ìng c?ng, ch? ph†t ra ti?ng ràn ""ha...ha..."" (khìng th? kàu thÖnh l?i).
5. Huhuva C? th? ?ìng ?† hoÖn toÖn, khìng ph†t ra Ém thanh.
6. Utpala Da xanh t°m nh? hoa sen xanh, n?t thÖnh 6 m?nh nh? c†nh hoa.
7. Padma Th?t ?? ?ng nh? sen h?ng, n?t thÖnh 10 m?nh.
8. Mahapadma C? th? v? v?n nh? sen ngÖn c†nh, tan thÖnh t?ng m?nh nh?.
?n d?: CÖng xu?ng sÉu, lïng sÉn h?n cÖng dai d?ng ? kh? hçnh cÖng tinh vi.
BÖi H?c ??o ??c
Kinh Ph†p C£ 5:

""H?n thó di?t h?n thó,
??i nÖy khìng th? c¢.
T? bi di?t h?n thó,
LÖ ??nh lu?t ngÖn thu.""

Ph† ho?i Ph?t ph†p lÖ t?i n?ng nh?t vç c??p ?i c? h?i gi†c ng? c?a ch£ng sinh.

5. C†ch Tho†t Nghi?p
S†m h?i: ThÖnh tÉm ?n n?n tr??c Tam B?o.

Tu tÉm t? bi: Qu†n ""t? tÉm"" (metta) ?? h¢a gi?i h?n thó.

B?o v? Ch†nh ph†p: ?n t?ng kinh s†ch, h? tr? T?ng Ni.

T°ch Ph?t gi†o: Vua L?u Ly t?ng gi?t h? Th°ch-ca, sau b? l?a t? thiàu (nghi?p sÉn h?n d?n ??n ??a ng?c n¢ng).",6,15,18,11,10,6,5
8,"??a Ng?c T?m Th?i
",Kh? B†o Tràn NhÉn Gian,Realm_02.jpg,"??c ?i?m Kh†c Bi?t
V? tr°: Khìng n?m d??i lïng ??t nh? B†t N¢ng/B†t L?nh, mÖ t?n t?i ngay tràn tr†i ??t ? nh?ng n?i kh?c nghi?t nh?:
- Sa m?c thiàu ??t
- R?ng sÉu ??y th£ d?
- N£i b?ng gi†
- Sìng ??c ??y qu? ?¢i
Nguyàn nhÉn: Do nghi?p riàng c?a c† nhÉn/nh¢m (khìng ph?i nghi?p chung nh? ??a ng?c l?n).

??i T??ng ??a L?c
- K? ph† ho?i mìi tr??ng: ? nhi?m sìng, ch?t r?ng b?a b?i.
- Ng??i s?ng tÖn †c: Giam c?m, tra t?n ng??i/??ng v?t.
- K? gÉy chia r? c?ng ??ng: Ph†t ngìn thó h?n d?n ??n xung ??t.

Hçnh Ph?t ??c Tr?ng

- B? qu? ?¢i (preta) rçnh r?p
- ?¢i kh†t cóng c?c nh?ng th?c ?n bi?n thÖnh m†u/l?a
- Cì ??c v?nh vi?n khìng g?p ???c ai
Kh†c v?i ??a ng?c v?nh vi?n, n?i ?Éy c¢ th? h?t nghi?p sau 1 th?i gian (nàn g?i lÖ ""Hell for a Day"")
BÖi H?c NhÉn Qu?
Kinh T?ng Chi: ""Ng??i ph† ho?i s? hïa h?p s? n?m qu? b†o ? n?i khìng ai c?u gi£p.""

C†ch h¢a gi?i:

Ph¢ng sinh ?? chu?c l?i nghi?p s†t

Tr?ng cÉy ??n bó mìi tr??ng

T?ng Kinh ??a T?ng ?? gi?i oan k?t",5,27,19,14,11,7,6
9,"Diàm V??ng
",V? Ph†n Quan Nghi?p L?c,Realm_01.jpg," Ngu?n G?c & Hçnh T??ng
Diàm V??ng (Yama) lÖ v? th?n cai qu?n c?i ch?t trong c? ?n ?? gi†o l?n Ph?t gi†o, v?i nh?ng ??c ?i?m:
M?t trÉu (t??ng tr?ng cho s?c m?nh vÖ s? khìng khoan nh??ng).
C??i trÉu ?en, tay ph?i c?m chóy s? ng??i, tay tr†i c?m dÉy thïng l?ng.
ToÖn thÉn r?c l?a nh? ng?n l?a thiàu h?y th? gi?i cu?i ki?p.
V??ng Qu?c C?a Diàm V??ng
V? tr°: D??i lïng ??t, n?i m?t tr?i khìng chi?u t?i, bao quanh b?i:
MÉy ?en pha m†u
ThÖnh s?t khìng c?a
H? m†u s?n sinh nh?ng linh h?n hung d?.
Cung ?i?n: M?t tïa †n nghi?p l?c, n?i m?i linh h?n ph?i ??i di?n v?i t?m g??ng nghi?p (karma mirror) ph?n chi?u m?i hÖnh ??ng ??i tr??c.

C? Ch? Ph†n XÇt
Qu? ??u kh? (monkey-headed demon) c?m cÉn nghi?p:
Viàn ?† tr?ng: Cìng ??c.
Viàn ?† ?en: T?i l?i.
Diàm V??ng khìng tr?ng ph?t tóy ti?n ? m?i hçnh ph?t ??u do nghi?p l?c t? chiàu c?m.
Qu? s? d??i tr??ng: LÖ ?o ?nh t? nghi?p †c c?a ch°nh n?n nhÉn, khìng ph?i ch£ng sinh th?c s? (nàn khìng b? ?nh h??ng b?i l?a ??a ng?c).
4. ? Ngh?a Tri?t H?c
Diàm V??ng kh†ch quan: ??i di?n cho lu?t nhÉn qu? kh†ch quan, khìng thiàn v?.
Diàm V??ng ch? quan: LÖ tÉm th?c b? nhi?m ì b?i tham-sÉn-si c?a ch°nh ch£ng sinh.
Kinh TÉm ??a Qu†n: ""TÉm lÖ Diàm V??ng, tÉm lÖ ??a ng?c"".
 BÖi H?c Tu T?p
??i di?n nghi?p l?c:

Kinh ??a T?ng: ""G?p Diàm V??ng, thÖnh tÉm ni?m Ph?t v?n c¢ th? siàu tho†t.""

Ph??ng ph†p h¢a gi?i:

Trç t?ng ch£ L?ng Nghiàm ?? ph† tr? ?o ?nh nghi?p ch??ng.

Tu ph†p ""Chuy?n Diàm V??ng thÖnh Ph?t"" trong M?t tìng (qu†n Diàm V??ng lÖ h¢a thÉn c?a ??c Ph?t).

7. Hçnh ?nh Ngh? Thu?t
Trong tranh TÉy T?ng, Diàm V??ng th??ng ???c v?:

MÖu xanh ?en, chÉn ??p x†c ch?t (t??ng tr?ng chi?n th?ng t? th?n).

Vïng hÖo quang l?a tr° tu? bao quanh (? ngh?a: tr° tu? th?y r? nghi?p b†o).

Fun fact: Trong M?t tìng, Diàm V??ng c?ng lÖ H? ph†p khi hÖnh gi? bi?t c†ch chuy?n h¢a.",4,42,34,34,34,34,34
10,"C?i Ng? Qu?
","N?i Kh? C?a Lïng Tham Vì ??
",Realm_02.jpg,"??c ?i?m Hçnh D?ng & Mìi Tr??ng S?ng
Ng? qu? (pretas) lÖ ch£ng sinh b? nghi?p tham lam chi ph?i, v?i nh?ng ??c ?i?m kinh d?:
Mi?ng nh? nh? l? kim, c? h?ng h?p ? khìng th? nu?t th?c ?n.
B?ng phçnh to nh? n£i ? luìn ?¢i kh†t cóng c?c.
Th?c ?n bi?n thÖnh l?a/than/m†u khi ch?m vÖo mi?ng.
N??c sìng h¢a thÖnh m†u m? ? cÖng u?ng cÖng kh†t.
Nguyàn NhÉn ??a L?c
B?n x?n, keo ki?t: T? ch?i b? th° dó c¢ d? th?a.
Tr?m c?p tÖi s?n Tam B?o (chóa chi?n, ?? c£ng d??ng).
?n u?ng phung ph° trong khi ng??i kh†c ?¢i kh?.
H?y ho?i móa mÖng vç tham lam (v° d?: ??t r?ng ?? ??c quy?n ??t).

PhÉn Lo?i Ng? Qu?
Lo?i ??c ?i?m
Ngo?i Ng? Qu? Lang thang tçm ?n, b? ?u?i ?†nh khi th?y ""b?a ti?c ?o"".
N?i Ng? Qu? S?ng trong nhÖ v? sinh, ?n ch?t th?i c?a ng??i.
Qu? H£t Tinh Kh° H£t n?ng l??ng ng??i s?ng qua gi?c ng? (dÉn gian g?i lÖ ""qu? ?¢i vì hçnh"").
C†ch Gi£p Ng? Qu? Siàu Tho†t
Theo Ph?t gi†o, ng? qu? ch? nh?n ???c th?c ?n qua:
C£ng th° th?c (ph†p h?i Vu Lan, Mìng S?n).
Ni?m th?n ch£ Bi?n Th?c: ""Namo ratna tray?ya...""
B? th° ph??c ??c ? h?i h??ng cìng ??c cho h?.
6. BÖi H?c ??o ??c
Kinh T? Th?p Nh? Ch??ng:
""Ng??i tham lam nh? k? c?m ?u?c ?i ng??c gi¢, ?t s? t? thiàu mçnh.""
Chuy?n h¢a tÉm tham:
T?p b? th° dó °t (v° d?: cho chim ?n).
?n chay ?? gi?m nghi?p s†t sinh.",3,19,13,14,11,8,4
11,"C?i S£c Sinh
",Gìng Cóm C?a Vì Minh,Realm_01.jpg,"??c ?i?m & Nguyàn NhÉn ??a L?c
Mìi tr??ng s?ng: 

Ch? y?u ? bi?n c?, r?ng sÉu, m?t s? b? giam c?m lÖm th£ nuìi.
Nguyàn nhÉn: Do nghi?p si mà (c? tçnh ph?t l? chÉn l?, t? ch?i h?c h?i).
??c ?i?m tÉm l?:
HÖnh ??ng theo b?n n?ng, khìng phÉn bi?t thi?n/†c.
Kh? ?au ?i?n hçnh: B? s?n b?t, ?n th?t l?n nhau, lÖm vi?c kh? sai.

PhÉn Lo?i S£c Sinh Theo Nghi?p B†o
LoÖi V?t Nghi?p NhÉn ??i Tr??c
R?n ??c SÉn h?n, thó ghÇt
S? t? Kiàu ng?o, khinh ng??i
Ch¢ N?nh h¢t, xu n?nh quy?n th?
Kh? Tham lam, tr?m c?p
Qu? N¢i l?i ??c †c, ch?i r?a
Th£ ?n th?t S†t sinh + tham d?c
Ng?a N? n?n khìng tr? (ki?p tr??c gian l?n ti?n b?c)
C†ch Chuy?n H¢a Nghi?p S£c Sinh
Ph¢ng sinh: C?u m?ng v?t s?p b? gi?t (c?n lÖm ?£ng c†ch ?? tr†nh ""ph¢ng sinh thÖnh h?i sinh"").
?n chay: Gi?m nhu c?u gi?t m?.
Trç ch£ L?c T? ??i Minh: ""Om Ma Ni Pad Me Hum"" ?? khai m? tr° tu? cho loÖi v?t.
BÖi H?c NhÉn Qu?
Kinh Ph†p C£ 70:
""M?t ngÖy trç gi?i, khìng s†t sinh,
Cïn h?n s?ng tr?m n?m mÖ †c nghi?p ??y mçnh.""
CÉu chuy?n Ph?t gi†o:
Ti?n thÉn ??c Ph?t t?ng lÖm nai ch£a (Jataka) ? dó lÖ th£ v?n tu h?nh B? T†t",3,27,17,12,13,10,5
12,"C?i Th?n Th£  
",Sinh V?t Siàu Nhiàn Ph?t Gi†o,Realm_02.jpg,"??c ?i?m & Ngu?n G?c
Th£ th?n (Divine Animals) lÖ nh?ng sinh v?t phi th??ng, khìng sinh ra t? bÖo thai hay tr?ng mÖ do th?n l?c ho?c nghi?p b†o ??c bi?t:
Kh†c v?i s£c sinh thìng th??ng: C¢ phÇp thu?t, tr° tu? cao h?n, th??ng ph?c v? ch? thiàn.
Ngu?n g?c nghi?p b†o:
Ki?p tr??c lÖ ngh? nhÉn (?iàu kh?c, h?i h?a) c¢ tÉm b? th° nh?ng cïn ng? m?n.
Ho?c tu t?p thi?n ??nh nh?ng ch?a ??t gi?i tho†t.

PhÉn Lo?i Th£ Th?n
LoÖi ??c ?i?m Liàn H? V?n H¢a

Kim X° ?i?u (Garuda) Chim th?n kh?ng l?, k? thó c?a r?ng (Naga) V?t c??i c?a th?n Vishnu (?n ?? gi†o)
CÖn-th†t-bÖ (Gandharva) Th?n Ém nh?c, s?ng b?ng h??ng hoa Nh?c cìng c?a thiàn ?çnh
D?-xoa (Yaksha) B†n th?n n£i/r?ng, c¢ th? h? trç ho?c h?i ng??i tóy tÉm t°nh Th?n tÖi/g†c ??n trong dÉn gian
Kh?n-na-la (Kinnara) N?a ng??i n?a chim, tÖi hoa T??ng tr?ng cho ngh? thu?t
BÖi H?c NhÉn Qu?
Kinh Hoa Nghiàm:
""Dó lÖm th£ th?n oai l?c,
Khìng b?ng lÖm ng??i tu ??o.""

Chuy?n h¢a nghi?p:
Dó c¢ th?n thìng, th£ th?n v?n b? luÉn h?i n?u khìng tu t?p.
Ph??ng ph†p gi?i tho†t: Ni?m Ph?t, trç ch£ ?? chuy?n nghi?p.",5,28,27,15,21,11,10
13,"C?i Long V??ng
","V??ng Qu?c R?ng Ph?t Gi†o
",Realm_01.jpg,"??c ?i?m & Mìi Tr??ng S?ng
Long v??ng (Naga) lÖ ch?ng t?c r?n th?n n?a ng??i n?a r?ng, c¢ ??c ?i?m:
Hçnh d†ng: ThÉn r?n + ??u/vai ng??i (t??ng t? tiàn c† ph??ng TÉy).
N?i ?: Cung ?i?n ng?c d??i bi?n, sìng, h?, ho?c hang ??ng linh thiàng.
Quy?n n?ng:
?i?u khi?n m?a gi¢ (TÉy T?ng th? Naga nh? th?n m?a).
B?o v? kho b†u (chÉu b†u, kinh ?i?n M?t tìng).

Ngu?n G?c Nghi?p B†o
Ki?p tr??c: LÖ ng??i hÖo ph¢ng nh?ng n¢ng t°nh, ho?c tu t?p th?n thìng nh?ng sÉn h?n.
??i th? truy?n ki?p: Kim X° ?i?u (Garuda) ? loÖi chim th?n chuyàn ?n th?t r?ng.

PhÉn Lo?i Long V??ng
Lo?i Naga ??c T°nh
Thi?n Naga H? ph†p Ph?t gi†o (nh? Long v??ng B†t ??i trong Kinh Ph†p Hoa).
?c Naga GÉy b?nh d?ch, l? l?t do tÉm sÉn h?n.
Naga V??ng Cai qu?n 4 bi?n (nh? S?gara - Long v??ng trong Kinh Di?u Ph†p Liàn Hoa).
BÖi H?c NhÉn Qu?
Kinh ??a T?ng:
""Long v??ng dó c¢ th?n thìng,
V?n b? Kim X° ?i?u s?n ?u?i ?
Nghi?p sÉn h?n ??i tr??c khìng d?t,
??i nÖy ch?u qu? b†o khìn l??ng.""
Chuy?n h¢a nghi?p Naga:
T?ng Ch£ ??i Bi ?? h¢a gi?i o†n thó v?i Garuda.
C£ng d??ng n??c s?ch (Naga th°ch nghi?p b?o v? ngu?n n??c).
6. Hçnh ?nh Ngh? Thu?t
Trong tranh TÉy T?ng:
Thi?n Naga: MÖu tr?ng/xanh l†, tay c?m chÉu ng?c.
?c Naga: MÖu ?en/??, mi?ng phun l?a.
Naga V??ng: ??i v??ng mi?n, ng?i tràn ngai r?ng.
Fun fact: Trong ki?n tr£c chóa Vi?t, ""R?ng phun n??c"" lÖ bi?u t??ng c?a Naga b?o v? Ph?t ph†p.",5,28,27,15,21,11,10
14,"??o Qu? 
","Th? Gi?i c?a D? Xoa
",Realm_02.jpg," ??c ?i?m & Ngu?n G?c
D? Xoa (Rakshasa) lÖ loÖi qu? ?n th?t ng??i, c¢ ??c ?i?m:
Hçnh d†ng: M†u ??, c??i l?a ?? b?ng tr?ng (bong-bu), t?c ?? nh? gi¢.
N?i ?: ??o T°ch Lan (Sri Lanka) - n?i ??c Ph?t t?ng hÖng ph?c qu? v??ng.
Quy?n n?ng:
Bi?n hçnh tóy ? (th??ng h¢a thÖnh ng??i ??p ?? d? d?).
Ho?t ??ng ban ?àm, chuyàn ?n th?t tr? em vÖ x†c ch?t.

Ngu?n G?c Nghi?p B†o
Ki?p tr??c: LÖ ng??i s†t sinh vì ?? (gi?t v?t nuìi lÖm th?c ph?m, hi?n t?).
Nghi?p ??c bi?t:
?c nghi?p: TÖn s†t vç l?i °ch c† nhÉn ? thÖnh qu? hung d?.
Thi?n nghi?p: T?ng b? th° ? c¢ th?n thìng m?nh.

PhÉn Lo?i D? Xoa
Lo?i ??c T°nh
D? Xoa ?c Chuyàn h£t m†u, ph† ho?i lÖng m?c (nh? qu? Pishacha trong ?n ?? gi†o).
D? Xoa H? Ph†p ???c Liàn Hoa Sinh (Padmasambhava) thu ph?c, tr? thÖnh h? v? M?t tìng.
BÖi H?c NhÉn Qu?
Kinh ??a T?ng:
""Gi?t h?i ch£ng sinh vç lïng tham,
??i sau lÖm qu? ?¢i ?n m†u tanh.""
Ph??ng ph†p h¢a gi?i:
Trç ch£ L?ng Nghiàm ?? ph† tr? ma ch??ng.
C£ng d??ng ?än (†nh s†ng xua tan b¢ng t?i qu? gi?i).
6. Hçnh ?nh Ngh? Thu?t
Trong tranh TÉy T?ng:

D? Xoa ?c: MÖu ?en/??, tay c?m ??u lÉu ho?c dao phay.

D? Xoa H? Ph†p: MÖu xanh d??ng, ??ng tràn x†c qu? (v° d?: Mahakala).

Fun fact: Trong L? ?en (Tibetan Ghost Festival), c†c L?t ma dóng ph†p kh° hçnh l?a ?? ?? tri?u t?p vÖ hÖng ph?c D? Xoa.",3,25,42,17,15,5,3
15,"C?i A-tu-la
","Th? Gi?i c?a Ph?n Th?n
",Realm_01.jpg,"??c ?i?m & Mìi Tr??ng S?ng
A-tu-la (Asura) lÖ ch?ng t?c b†n th?n v?i s?c m?nh g?n b?ng ch? thiàn nh?ng luìn ghen t? vÖ chi?n tranh:
N?i ?: ""ThÖnh ph? †nh s†ng"" d??i chÉn n£i Tu-di, g?n c?i tr?i 33 (Trayastrimsa).
??c t°nh:
Kiàu ng?o, luìn mu?n tranh giÖnh quy?n l?c v?i ch? thiàn.
Ghen ghÇt cÉy ??c Nguy?n (Kalpavriksha) - cÉy m?c r? ? c?i A-tu-la nh?ng ra hoa k?t tr†i tràn thiàn gi?i.

Ngu?n G?c Nghi?p B†o
Ki?p tr??c: LÖ ng??i hÖo ph¢ng nh?ng hi?u chi?n, ho?c tu kh? h?nh ?? tranh giÖnh quy?n l?c.
CÉu k? t¢m t?t:
""Hay l?a d?i, ?a tranh c?i,
Nh?ng c?ng c¢ lïng b? th° ?
Nghi?p ?y ??a ??n c?i A-tu-la,
LÖm vua mÖ khìng an vui.""
PhÉn Lo?i A-tu-la
Lo?i ??c T°nh
A-tu-la Khìng Gian GÉy nh?t th?c/nguy?t th?c (nh? vua Rahu nu?t m?t tr?i).
A-tu-la Chi?n Binh Liàn t?c giao chi?n v?i ch? thiàn, thua tr?n nh?ng khìng bao gi? ??u hÖng.
A-tu-la Bi?n S?ng d??i ?†y bi?n, gÉy s¢ng th?n/b?o t?.
BÖi H?c NhÉn Qu?
Kinh Ph†p C£ 6:
""Ng??i ngu ngh? mçnh m?nh,
Nh?ng b?i tr?n liàn miàn ?
A-tu-la dó oai l?c,
V?n kh? vç thua thiàn.""

Chuy?n h¢a nghi?p A-tu-la:

Tu h?nh nh?n nh?c (kshanti) ?? di?t tÉm sÉn.

C£ng d??ng ?än hoa ? t??ng tr?ng cho vi?c buìng b? tranh ??u.

6. Hçnh ?nh Ngh? Thu?t
Trong tranh TÉy T?ng:

A-tu-la: MÖu xanh l†/xanh d??ng, tay c?m chóy kim c??ng ho?c v? kh°.

CÉy ??c Nguy?n: Th??ng v? ? ranh gi?i gi?a c?i A-tu-la vÖ thiàn gi?i.

Fun fact: Trong thiàn v?n ?n ??, Rahu-Ketu (A-tu-la th?) lÖ nguyàn nhÉn c?a nh?t/nguy?t th?c ? t??ng tr?ng cho lïng tham khìng ?†y.",5,28,14,21,11,10,4
16,"Rudra - ""T? Do ?en T?i"" 
","K? Tu Luy?n TÖ M?t
",Realm_02.jpg,"Ngu?n G?c & Bi K?ch
Rudra (ngh?a Sanskrit: ""K? G?m ThÇt"") lÖ hi?n thÉn c?a yogi ph?m gi?i, tu luy?n M?t tìng vç tham v?ng quy?n l?c thay vç lïng t? bi. CÉu chuy?n c?a h?n b?t ngu?n t?:
Ti?n ki?p: M?t hÖnh gi? M?t tìng tàn Moksakala (T? Do ?en), l?i d?ng ph†p tu ?? th?a m?n d?c v?ng, ph† v? m?i gi?i lu?t.
H?u qu?: Sau khi ch?t, h?n ??a lÖm th?n Rudra - phiàn b?n ??c †c c?a th?n Shiva trong ?n ?? gi†o, chuyàn gieo r?c s? h?i.
??c ?i?m Qu? D?
Hçnh t??ng: Mçnh ng??i da ?en, ba m?t, c? ?eo vïng s?, tay c?m ?inh ba t?m m†u.
Quy?n n?ng:
??t th?n thìng (bay, h¢a hçnh) nh?ng ch? ?? khu?t ph?c ng??i kh†c.
GÉy d?ch b?nh, thiàn tai khi n?i gi?n.
N?i ?: Cung ?i?n b?ng x??ng trong vóng biàn gi?i gi?a c?i th?n vÖ qu?.

Nghi?p B†o & S? HÖng Ph?c
T?i †c:
T?ng thiàu ch?t th?n Tçnh Yàu (Kamadeva) b?ng †nh m?t ph?n n?.
??t ch†y ??n th? c?a vua A-tu-la vç b? x?p th? t? c£ng d??ng sau cóng.
C?u r?i:
B? B? T†t Kim Cang Th? (Vajrapani) hÖng ph?c, bi?n thÖnh H? Ph†p Mahakala (??i H?c Thiàn) sau khi gi†c ng?.
? ngh?a sÉu xa:
Dó t?i †c ch?t ch?ng, Ph?t t°nh v?n t?n t?i ? ch? c?n 1 ni?m h?i ??u.
Mahakala ch°nh lÖ phiàn b?n gi†c ng? c?a Rudra.

Fun fact: Trong nghi l? M?t tìng, ph†p kh° hçnh l??i h†i c?a Mahakala ch°nh lÖ v? kh? c? c?a Rudra ?? ???c ""chuy?n h¢a"".",15,34,34,34,34,34,34
17,"Nam Thi?m B? ChÉu
","L?c ??a c?a Tr° Tu? & Gi†c Ng?
",Realm_01.jpg,"Ph£c LÖnh c?a ThÉn Ng??i
Dó ph?i ??i m?t v?i kh? ?au nh? b?nh t?t, chi?n tranh, vÖ nghäo ?¢i, vi?c ???c sinh lÖm ng??i ? Nam Thi?m B? ChÉu v?n lÖ c? h?i hi?m c¢ nh?t trong luÉn h?i, vç ch? con ng??i m?i h?i ?? ba ?i?u ki?n qu? b†u:

- ? ch° tho†t kh?i sinh t?

- C? duyàn g?p ???c Ch†nh Ph†p (Dharma)

- Th?i gian vÖ t? do ?? tu t?p

- ?Éy c?ng lÖ n?i duy nh?t ??c Ph?t th? hi?n vÖ ch? d?y con ???ng ??n Ni?t BÖn, b?i:

""Ch£ng sinh Nam Thi?m B? ChÉu s? h?u tr° tu? s?c bÇn.""

Hçnh ?nh Bi?u T??ng

V? tr°: N?m ph°a Nam n£i Tu-di (Meru), hçnh thang ""nh? c? xe ng?a"".

Trung tÉm: 

Kim C??ng Tïa (Vajr?sana) t?i B? ?? ??o TrÖng (Bodhgaya) ? n?i ??c Ph?t thÖnh ??o.

Tàn g?i: Xu?t ph†t t? cÉy Jambu (cÉy h?ng t†o th?n tho?i).",3,52,25,26,38,22,6
18,"TÉy Ng?u H¢a ChÉu
","C?i H??ng Th? & S?c MÖu K? L?
",Realm_02.jpg,"??c ?i?m c?a C?i nÖy
Ph£c b†u lÖm ng??i: Sinh ra ? ?Éy ???c h??ng giÖu sang, s?ng trong vóng ??t tró ph£ v?i h? n??c vÖ ??ng c? mành mìng.

Ph?t Ph†p hi?n di?n nh?ng khìng h?ng th?nh: Dó c¢ gi†o ph†p, c? dÉn n?i ?Éy thì l?, s?ng ch? y?u b?ng vi?c ?n th?t vÖ °t quan tÉm ??n tu t?p.

Hi?n t??ng ""c?m gi†c k?t h?p"" (synesthesia):

M?t c¢ th? nghe ???c Ém thanh, tai nhçn th?y mÖu s?c.

??i s?ng tçnh d?c r?t h?n ch?, ch? kho?ng 10-12 l?n trong c? ??i.

Khìng gian ?? r?c: MÖu s?c c?a tr?i vÖ n??c ? ?Éy ph?n chi?u †nh h?ng ng?c t? b?c t??ng ph°a TÉy c?a n£i Tu-di (Meru).

? Ngh?a ?n Sau
C?a c?i khìng ?i ?ìi v?i tr° tu?: Dó s?ng trong sung t£c, ng??i TÉy Ng?u H¢a ChÉu thi?u ? th?c tÉm linh, d? ?†nh m?t c? h?i gi?i tho†t.

Nghi?p l?c ?a d?ng: T? c?i ng??i, h? c¢ th? th?ng làn thiàn gi?i, ??a lÖm s£c sinh, ho?c sa vÖo c?nh gi?i kh? ?au ? tóy vÖo hÖnh ??ng vÖ tÉm th?c.

""GiÖu sang mÖ vì minh, ph£c b†u c?ng thÖnh c?m b?y.""",3,38,27,13,21,11,10
19,"?ìng Th?ng Th?n ChÉu
","L?c ??a c?a 
Dung M?o & An L?c",Realm_01.jpg,"??c ?i?m C?i Ng??i Cao Qu?

Hçnh t??ng trang nghiàm: Ch£ng sinh ? ?Éy s? h?u thÉn hçnh ??p ??, cao qu?, tÉm t°nh ìn hïa, thanh t?nh.

Khìng gian trong lÖnh: ?nh s†ng t? b?c t??ng pha là ph°a ?ìng n£i Tu-di (Meru) chi?u r?i, t?o nàn b?u tr?i tinh khi?t, khìng u? tr??c.

??i s?ng an l?c: ?t x†o tr?n b?i tham sÉn si, thu?n duyàn tu t?p nh?ng thi?u ngh?ch c?nh ?? tinh t?n.

?n ? Ph°a Sau
Ph£c b†u thÖnh ch??ng ng?i?

Dó s?ng trong an l?c, ng??i ?ìng Th?ng Th?n ChÉu d? thi?u ??ng l?c tu t?p vç °t kh? ?au k°ch ph†t tÉm c?u gi?i tho†t.

Nghi?p l?c ch? y?u nghiàng v? Duyàn Gi†c (t? ng?) ho?c Thinh V?n (nghe ph†p), nh?ng c?ng d? sa vÖo c?i th?p do l??i tinh t?n.",3,43,38,13,15,15,11
20,"B?c CÉu L? ChÉu
","Thiàn ???ng Tr?n Gian
",Realm_02.jpg,"??c ?i?m C?i Ng??i H?nh Ph£c Nh?t
MÖu s?c: ?nh l?c b?o t? b?c t??ng ng?c ph°a B?c n£i Tu-di (Meru) ph? xu?ng, t?o nàn khung c?nh thanh bçnh.

X? h?i l? t??ng:
Khìng t? h?u, khìng hìn nhÉn, s?ng c?ng ??ng thu?n khi?t.
Ph? n? nuìi con b?ng ng¢n tay (truy?n th?ng c?), tr? em ???c nuìi d?y t?p th?.
Khìng tham †i hay tranh ??u, tu?i th? trung bçnh 1.000 n?m.
Thiàn nhiàn ban t?ng:
L£a g?o t? ch°n, cÉy c?i quanh n?m tr?u qu?.
Khìng ai n¢i ""C†i nÖy c?a tìi"", nàn khìng c¢ t?i †c hay ch?t y?u.

Gi?i H?n C?a H?nh Ph£c
Dó s?ng trong viàn m?n, c? dÉn B?c CÉu L? ChÉu:
Khìng th? gi? gi?i lu?t (nh? ch? Thiàn), vç thi?u ngh?ch c?nh ?? nh?n ra kh? ??.
Tr° tu? ?çnh tr?: Cu?c s?ng qu† d? dÖng khi?n h? khìng ph†t tri?n tÉm linh, khìng th? tu thi?n kh¢.
Khìng t?o †c nghi?p, nh?ng c?ng khìng ti?n ??n gi?i tho†t.
""H?nh ph£c nh? b?ng ? ??p nh?ng vì h?n, khìng th? ch?y thÖnh dïng gi†c ng?.""",3,28,27,17,19,15,15
21,"C?i Man R?
","N?i B?o L?c Th?ng Tr?
",Realm_01.jpg,"??c ?i?m C?a C?i NÖy

Ki?p ng??i tÖn kh?c: Sinh ra trong x? h?i vì minh, duy v?t, n?i chi?n tranh ???c xem lÖ c†ch th?c giao ti?p ch°nh.
C?nh quan ??m m†u: N£i non g? gh?, ??t ?ai nhu?m mÖu ?? c?a m†u ? nghi?p b†o t? s†t sinh, tÖn b?o vÖ ?n th?t vì ??.
B?i c?nh l?ch s?: ?m ch? c†c b? t?c H?i gi†o Th? Nh? K? xÉm l??c ?n ??, ph† h?y kinh s†ch, t??ng Ph?t, vÖ c?ng ??ng Ph?t gi†o. ? TÉy T?ng, h? thÖnh ?? t? ? ngh? nghi?p g?n v?i nghi?p s†t.

Nghi?p Qu? vÖ C? H?i
TÖn b?o nh?ng khìng tuy?t ???ng: Dó s?ng trong vì minh, n?u bi?t h??ng thi?n, v?n c¢ th?:
Hïa nh?p v?i ?n ?? gi†o (nh? dïng Sufi H?i gi†o k?t h?p v?i Hindu).
*??t tr?ng th†i Wisdom-Master (s? 62)* ? tr° tu? t?i th??ng c?a Hindu gi†o.
Thìng ?i?p SÉu S?c
B?o l?c nuìi d??ng b?o l?c:
TÖn s†t, thó h?n ch? d?n ??n c†c c?i th?p h?n ? A-tu-la, ??a ng?c, ho?c s£c sinh.
?nh s†ng trong b¢ng t?i:
Dó ? c?i man r?, v?n c¢ c? h?i chuy?n h¢a qua tr° tu? (Wisdom-Master) n?u bi?t buìng b? c?c ?oan.
""C?m dao gi?t ng??i, tay mçnh c?ng ch?y m†u ?
Gieo nghi?p s†t, ??i sau nh?n l?y ?ao binh.""
",3,15,62,13,11,10,2
22,"C?i ?n ?? Gi†o
","??t Thiàng c?a 
Minh Tri?t & RÖng Bu?c",Realm_02.jpg,"??c ?i?m C?a C?i NÖy
Ph£c b†o v?a ??: Sinh vÖo giai c?p BÖ-la-mìn, trong n?n v?n minh r?c r? v?i ngh? thu?t, khoa h?c, vÖ t? duy siàu hçnh ph†t tri?n ??nh cao.
Thiàn nhiàn tró ph£: ??t ?ai xanh t??i, sìng H?ng linh thiàng, ??i s?ng tinh th?n d?i dÖo.
Gi?i h?n c?a tri?t l?:
Tìn th? ""Th?n Linh"" (God) vÖ ""Linh h?n b?t t?"" (Atman) t?o ra h? ??o ??c cao, nh?ng c?ng lÖ g†nh n?ng luÉn h?i:
C?c ?oan bàn ngoÖi: T? l?, kh? h?nh Çp x†c.
MÉu thu?n n?i t?i: Khìng th? ch?ng minh b?ng logic, d? r?i vÖo gi†o ?i?u.

Nghi?p Qu? vÖ C? H?i
M?t t?i:
T°n ng??ng c?ng nh?c c¢ th? d?n ??n †c nghi?p (t? sinh, phÉn bi?t ??ng c?p).
M?t s†ng:
LÖ c†i nìi c?a Ph?t gi†o ? ??c Ph?t ??n sinh t?i ?n ??, dóng tr° tu? ph† b? rÖng bu?c ""Th?n ? Ng?"".
Thìng ?i?p SÉu S?c
Bi k?ch c?a ni?m tin c?ng nh?c:
Dó Hindu gi†o c¢ h? th?ng tri?t h?c uyàn thÉm, vi?c b†m ch?p vÖo ""Th?n ? Ng?"" khi?n ch£ng sinh quàn m?t Vì Ng? (Anatta) ? c?t l?i c?a gi?i tho†t.
Ph?t gi†o: B??c ti?n h¢a tÉm linh:
T? n?n t?ng ?n ?? gi†o, ??c Ph?t ph? ??nh vÖ v??t qua b?ng T? Di?u ??, m? ra con ???ng tho†t kh? th?c s?.
""Khi tìn th? m?t v? th?n, b?n tr? thÖnh nì l? c?a ch°nh ni?m tin ?¢.
Khi th?y r? Vì Ng?, b?n lÖ ch? nhÉn c?a v? tr?.""",3,52,62,13,15,11,3
23,"B?n Gi†o
","Ph†p Thu?t 
& Con ???ng TÉm Linh 
Song HÖnh",Realm_01.jpg,"Ngu?n G?c vÖ B?n Ch?t
Xu?t x?: B?t ngu?n t? vóng Persia (Ba T?), du nh?p vÖo TÉy T?ng tr??c Ph?t gi†o (kho?ng th? k? 1-2 CN), mang ??m mÖu s?c shaman (phó th?y).

T??ng ??ng v?i ??o gi†o: Cóng h? th?ng phÇp thu?t, giao ti?p v?i linh gi?i, vÖ t°n ng??ng v?n v?t h?u linh.

Quy?n n?ng c? x?a:

C†c vua TÉy T?ng (btsan-po) ???c xem lÖ th?n tr?i, c¢ kh? n?ng du hÖnh tam gi?i (??a ng?c, tr?n gian, thiàn ???ng) b?ng dÉy th?ng tr?i ho?c c??i tr?ng.

Ph†p s? Bîn chuyàn ?i?u khi?n th?i ti?t, b¢i to†n, d?n d?t linh h?n sau ch?t.

Bîn Hi?n ??i: ""Phiàn B?n ??o Ng??c"" c?a Ph?t Gi†o
?nh h??ng Ph?t gi†o: Sau khi Ph?t gi†o truy?n vÖo TÉy T?ng, Bîn m??n kinh ?i?n nh?ng ??o ng??c bi?u t??ng:

Swastika (ch? V?n) xoay ng??c chi?u.

?i nhi?u th†p/chóa ng??c kim ??ng h? (khi?n ng??i TÉy T?ng xem lÖ trï c??i).

Ti?m n?ng tÉm linh: Dó lÖ ngo?i ??o, Bîn ???c ?†nh gi† g?n Ph?t gi†o nh?t, d? chuy?n h¢a thÖnh tu t?p chÉn ch°nh.
BÖi H?c T? Bîn Gi†o
Ph†p thu?t ? Gi?i tho†t:

Dó m?nh v? th?n thìng, Bîn v?n tr¢i bu?c trong luÉn h?i vç thi?u tu? gi†c Vì Ng?.

C†nh c?a vÖo ??i Th?a:

N?ng l?c ti?p x£c v?i th? gi?i vì hçnh c¢ th? chuy?n h¢a thÖnh B? T†t h?nh n?u bi?t h??ng v? t? bi vÖ tr° tu?.

""Phó ch£ d?n l?i Ém ty ?
Ch? c¢ tr†i tim t?nh th?c m?i v? Ni?t BÖn.""",3,52,62,13,15,11,3
24,"bardo t†i sinh
","Ng? S†u LuÉn H?i
",Realm_02.jpg,"Kh?i ??u Trï Ch?i Nghi?p B†o
B?n ?ang ??ng tr??c 6 con ???ng mÖu s?c, t??ng tr?ng cho 6 c?i luÉn h?i do nghi?p l?c d?n d?t:
Tr?ng: C?i Tr?i (Thiàn gi?i)
Xanh d??ng: C?i Ng??i (NhÉn gian)
Xanh l†: C?i S£c Sinh
VÖng: C?i Ng? Qu?
Kh¢i ?en: ??a Ng?c
??: C?i A-tu-la (Asura)
""Nghi?p khìng ph?i ??nh m?nh ?
Nghi?p lÖ hÖnh ??ng c?a thÉn, kh?u, ?.
M?i l?a ch?n hìm nay, lÖ s? ph?n ngÖy mai.""

L?i Nh?c Nh? Kh?n Thi?t
CÉu k? trong v?n b?n nh?n m?nh:
C? h?i lÖm ng??i kh¢ ???c, nh?ng d? m?t.
N?u khìng t?n d?ng tu t?p ngay bÉy gi?, khi nÖo m?i tho†t kh?i luÉn h?i?
Thìng ?i?p C?t L?i
MÖu s?c = Nghi?p l?c hi?n hi?n:
M?i mÖu ???ng ph?n †nh tÉm th?c b?n ?ang nuìi d??ng: tham (??), sÉn (?en), si (xanh l†)...
Con ???ng tho†t kh?:
Ch? c?i ng??i (xanh d??ng) vÖ c?i tr?i (tr?ng) c¢ c? h?i tu t?p, nh?ng d? sa ??a n?u buìng lung.
A-tu-la (??) vÖ Ng? Qu? (vÖng) lÖ c?nh gi?i b†o ?ng tr?c ti?p c?a s? b†m ch?p vÖ tham lam.

""Gieo nhÉn nÖo, g?t qu? n?y ?
Khìng tr?n ???c nghi?p, ch? chuy?n ???c nghi?p.""",3,27,17,15,11,10,6
25,"B??c VÖo M?t Th?a
","Con ???ng Kim C??ng 
T?i Th??ng",Realm_01.jpg,"B?n Ch?t C?a M?t Tìng
""C? xe ch£ ng?"" (Mantray?na): Con ???ng b° m?t, dóng th?n ch£ (vidya), qu†n t??ng vÖ nghi l? ?? ??t gi†c ng? nhanh ch¢ng ? ???c v° nh? leo n£i b?ng ???ng t?t.
DÖnh cho c?n c? ??c bi?t:
N?u lÖ qu? th?n, b?n ???c nhi?p ph?c b?i lïng t? bi c?a ??o s? M?t th?a.
N?u lÖ con ng??i, c?n m?t v? Lama/Guru chÉn ch°nh d?n d?t, n?u khìng s? r?i vÖo ?iàn lo?n ho?c ??a ng?c.
?i?u Ki?n Tiàn Quy?t
Gi? gi?i lu?t nghiàm ng?t:
3 lo?i gi?i c?n b?n:
Quy y Tam B?o (Ph?t, Ph†p, T?ng).
Ph†t B? ?? tÉm (nguy?n c?u ?? ch£ng sinh).
Gi?i t?i gia ho?c xu?t gia.
14 gi?i c?n b?n M?t th?a (khìng ???c ph† v?).
Tu t?p tiàn kh?i (Ngondro):
4 qu†n t??ng chuy?n tÉm (m?i ph†p tu 1 tu?n):
Qu? tr?ng thÉn ng??i/Vì th??ng vÖ c†i ch?t/NhÉn qu? nghi?p b†o/Kh? ?au luÉn h?i.
Quy y vÖ ph†t B? ?? tÉm (100.000 l?n)
ChÉn ngìn t?nh h¢a (100.000 l?n)
C£ng d??ng M?n-?Ö-la. (100.000 l?n)
Guru Yoga (k?t n?i v?i dïng truy?n th?a)(100.000 l?n)
K?t Qu? Tu T?p
Ch? trong vÖi th†ng ??n vÖi n?m, hÖnh gi? ??t ???c cìng ??c t??ng ???ng ??i Th?a ??o T°ch L?y (s? 52).
Tr° tu? ch? ??n qua thi?n ??nh: Khìng ph?i l? thuy?t suìng!
C?nh B†o Nguy Hi?m
M?t th?a nh? dao hai l??i:
Khìng Guru, khìng gi?i lu?t ? ?iàn lo?n, ??a ??a ng?c.
Tu ?£ng ph†p ? gi?i tho†t trong m?t ??i.
""L?a M?t ph†p thiàu r?i vì minh ?
Nh?ng n?u thi?u ki?n th?c, b?n s? lÖ nhiàn li?u.""",3,72,33,33,33,33,38
26,"Chuy?n LuÉn Th†nh V??ng
","B?c ?? V??ng L? T??ng 
c?a Ph?t Gi†o",Realm_02.jpg,"??c ?i?m c?a V? Vua V? Tr?
Th?ng nh?t th? gi?i b?ng Ch†nh Ph†p: Cai tr? toÖn b? 4 chÉu l?c (ho?c °t h?n tóy nghi?p l?c) v?i b†nh xe quy?n l?c (t??ng tr?ng cho ??o ??c vÖ s?c m?nh):
VÖng: Cai qu?n 4 chÉu ? Vua t? nguy?n quy ph?c.
B?c: Cai qu?n 3 chÉu ? Vua ?i chinh ph?c b?ng uy ??c.
??ng: Cai qu?n 2 chÉu ? Chu?n b? chi?n tranh nh?ng khìng gÉy h?i.
S?t: Cai qu?n 1 chÉu ? Dóng v? l?c nh?ng khìng gi?t h?i.

ThÉn t??ng viàn m?n:
Sinh ra v?i 32 t??ng t?t (g?n gi?ng Ph?t), c¢ thiàn nh?n (th?y ki?p tr??c sau).
Khìng th? b? gi?t b?i b?t k? ai, k? c? t? s†t.
Ngu?n G?c Cìng ??c
T°ch l?y t? ki?p tr??c:
B? th°, t†n th†n ng??i kh†c, vÖ khìng sÉn h?n.
Nh?p thai v?i ? th?c ??y ?? (nh? B? T†t gi†ng tr?n).
So s†nh l?ch s?:
Vua A D?c (Asoka) c?a ?n ?? (th? k? 3 TCN) lÖ hçnh ?nh g?n nh?t ? cai tr? b?ng Ph?t Ph†p sau khi gi†c ng?.
Tri?t L? ??ng Sau
Ch°nh tr? l? t??ng:
Xu?t hi?n sau th?i k? hoÖng kim (con ng??i s?ng khìng c?n ch°nh quy?n), t??ng ??ng v?i ""C?ng Hïa"" c?a Plato ? vua lÖ tri?t gia ??c h?nh.
Kh†c bi?t then ch?t: Quy?n l?c d?a tràn nghi?p thi?n, khìng ph?i b?o l?c.
BÖi h?c cho hi?n ??i:
L?nh ??o ph?i lÖ ng??i tu t?p ? A D?c t? ""b?o ch£a"" thÖnh ""Ph†p V??ng"" nh? ?n n?n sau chi?n tranh.
""V??ng quy?n r?c r? nh? m?t tr?i ?
Nh?ng khìng cìng ??c, ch? lÖ b¢ng t?i tho†ng qua.""",3,29,28,17,20,13,13
27,"C?i T? ??i Thiàn V??ng
","V??ng Qu?c c?a H? Ph†p
",Realm_01.jpg,"??c ?i?m C?i Tr?i
V? tr°: Cai qu?n s??n th?p n£i Tu-di (Meru), 7 d?y n£i vÖng bao quanh, cóng b?u tr?i ph°a d??i c?i tr?i ?ao L?i.
Nhi?m v?:
B?o v? Ph?t Ph†p: Bi?n t? H? Th? (loka-pala) thÖnh H? Ph†p (dharma-pala), th??ng th?y ? c?ng chóa.
?i?u ph?i th? gi?i: Qu?n l? tinh t£, thiàn nhiàn (th?n cÉy, n£i, sìng...).
Ng?n ch?n A-tu-la t?n cìng c?i tr?i cao h?n.
T? ??i Thiàn V??ng
M?i v? tr?n gi? m?t ph??ng, th?ng l?nh c†c ch£ng sinh siàu nhiàn:
?ìng: Trç Qu?c Thiàn V??ng (Dh?tar???ra) ? Ch£a t? CÖn-th†t-bÖ (Gandharva, nh?c th?n).
Nam: T?ng Tr??ng Thiàn V??ng (Vir??haka) ? Ch£a t? C?u-bÖn-trÖ (Kumbh???a, qu? m?p).
TÉy: Qu?ng M?c Thiàn V??ng (Vir?p?k?a) ? Ch£a t? Long t?c (N?ga).
B?c: ?a V?n Thiàn V??ng (Vai?rava?a/Kuvera) ? Ch£a t? D?-xoa (Yak?a) vÖ th?n tÖi, tay c?m b?o th? (ch?n nh? ng?c).
??i S?ng ? C?i NÖy
Sinh s?n th?n k?
Apsara (tiàn n?) sinh con khìng qua thai nghÇn ? ??a tr? hi?n ra tràn ?ói m? l£c 5 tu?i, nh?n th?c ngay cha m?.
Khìng d°nh m?c d?c t°nh: Giao h?p khìng m?t n?ng l??ng, khìng ì u?.
Ph£c b†o: Do khìng tham ??m h?nh ph£c °ch k?, nh?ng c?ng khìng tu t?p gi?i tho†t.
BÖi H?c T? C?i H? Ph†p
H? trç th? gian ? Gi?i tho†t:
Dó c¢ quy?n n?ng, ch? thiàn v?n trong luÉn h?i vç h??ng ph£c qu† kh?, khìng tinh t?n tu t?p.
Con ng??i may m?n h?n ch? thiàn:
C?i ng??i (Nam Thi?m B? ChÉu) dó kh? nh?ng d? gi†c ng? nh? ngh?ch c?nh.
""LÖm th?n c?ng ch? lÖ t?m b? ?
Khìng tu, ph£c h?t v?n sa ??a!""",6,28,17,23,18,10,6
28,"C?i Tr?i ?ao L?i 
","Thiàn ?çnh Ph?t Gi†o
",Realm_02.jpg,"V??ng Qu?c Tràn ??nh Tu-di
V? tr°: T?a l?c t?i ??nh n£i Tu-di (Meru), g?m 33 tïa thiàn cung - t??ng ?ng 33 v? tr?i cai qu?n.
Ki?n tr£c k? v?:
ThÖnh Sudarsana (""Thi?n Ki?n"") - kinh ?ì c?a Thiàn ?? Indra, lÖm b?ng ng?c b†u.
4 cìng viàn th?n tiàn v?i h? n??c ma thu?t, ??t m?m nh? nhung.
CÉy Parijataka t?a h??ng ng??c gi¢, b¢ng m†t lÖ n?i vui ch?i c?a ch? thiàn.
??i S?ng Ch? Thiàn
Hçnh t??ng: ThÉn th? to l?n, gi†c quan siàu phÖm.
Sinh ho?t:
Giao h?p b?ng c†ch ch?m b? ph?n sinh d?c, khìng xu?t tinh.
Th? h??ng Ém nh?c, tçnh †i d??i b¢ng cÉy th?n.
V?n ph?i chi?n ??u ??nh k? ch?ng l?i A-tu-la.
??c ?i?m tÉm linh:
Dó quy y Ph?t nh?ng mà ??m d?c l?c, khìng tu t?p.
Indra (Thiàn ??) t? th?n chi?n tranh Vedic tr? thÖnh h? ph†p.
D?u Hi?u Suy TÖn
Khi ph??c s?p h?t, ch? thiàn xu?t hi?n 5 ?i?m b†o:
Y ph?c d°nh b?n
Vïng hoa £a tÖn
N†ch ?? m? hìi
C? th? b?c mói
Ch? ng?i kh¢ ch?u
""Kh? nÖo b?ng n?i kh? c?a v? tr?i th?y r? mçnh s?p ??a l?c!""
BÖi H?c NhÉn Sinh
H??ng ph??c c?ng lÖ kh?:
C?i tr?i dó sung s??ng nh?ng khi ph??c h?t, n?i kh? th?y tr??c t??ng lai cïn ghà g?m h?n c?i ng??i.
Con ng??i c¢ l?i th? tu t?p:

Ch°nh nh? bi?t kh? mÖ con ng??i d? ph†t tÉm c?u gi?i tho†t h?n ch? thiàn.

Indra - hçnh ?nh c?nh t?nh:

Phïng tranh l?u gi? hçnh ?nh c†c v? vua tr?i ?? sa ??a lÖ l?i nh?c: Khìng c¢ h?nh ph£c nÖo v?nh c?u trong luÉn h?i.",7,29,17,20,22,11,7
29,"C?i Tr?i D? Ma
","Thiàn ?Öng Vì Chi?n
",Realm_01.jpg,"??c ?i?m C?i Tr?i
V? tr°: L? l?ng nh? mÉy, cao g?p ?ìi ??nh Tu-di, hoÖn toÖn t†ch bi?t kh?i xung ??t th? gian.
Ph£c b†o:
H??ng th? c?c l?c d?c gi?i (v??n h? sen, thiàn nga, Én †i ch? c?n ìm nhau).
S? h?u nh? ? b?o chÉu ? hi?n th?c h¢a m?i ??c mu?n.
Nguyàn nhÉn t†i sinh: Do tu t?p nh?n nh?c, tr†nh xung ??t ? ki?p tr??c.
??i S?ng Vi Di?u
B? T†t Thiàn Nga (Suyama):
S?ng trong ?¢a sen kh?ng l?, c?nh t?nh ch? thiàn ??ng mà ??m d?c l?c.
Cu?c chi?n tÉm linh
Ma v??ng (Mara) ph†i 3 s? gi? (Kho†i L?c, PhÉn TÉm, Mà Ho?c) ??n qu?y nhi?u, nh?ng b? ch? thiàn dóng Ch†nh Ph†p ??y lói.
BÖi H?c T? C?i Vì Chi?n
H?nh ph£c v?n lÖ l?ng son:
Dó khìng tranh ??u, ch? thiàn ? ?Éy v?n tr¢i bu?c b?i d?c l?c, khi ph??c h?t v?n ??a l?c.
B? T†t ?n mçnh trong sen:
Hçnh ?nh Suyama nh?c nh?: Gi?a d?c gi?i v?n c¢ th? tu t?p, n?u bi?t ""? trong ??i mÖ khìng nhi?m ??i"".
""?m ?p d?c l?c c?ng nh? ìm mÉy ?
MÉy tan, tay khìng, ch? cïn nghi?p c?.""",8,30,31,17,23,12,10
30,"C?i Tr?i ?Éu Su?t (Tusita)
","Ch?n An L?c c?a B? T†t
",Realm_02.jpg,"??c ?i?m C?i Tr?i
V? tr°: T?ng tr?i th? t? trong D?c Gi?i Thiàn, nh?ng lÖ n?i ??c bi?t nh?t ? ch?n ngh? chÉn cu?i cóng c?a B? T†t tr??c khi t†i sinh thÖnh Ph?t.
C?nh quan:
Cung ?i?n ng?c l? l?ng nh? mÉy, ??t l†t chÉu b†u.
Hoa tr?ng tinh khi?t, ch? thiàn u?ng cam l? (am?ta).
?n †i ch? c?n n?m tay (nh? nhÖng h?n c†c c?i tr?i d?c gi?i kh†c).
B? T†t Di L?c & C†c B?c Th†nh
Di L?c (Maitreya): V? Ph?t t??ng lai hi?n ?ang thuy?t ph†p t?i ?Éy, ???c g?i lÖ ""Thiàn Ch? C?u ??"" (n?tha-deva).
Th†nh T?ng Asanga: T? s? Duy Th?c Tìng t?ng làn c?i nÖy th?nh gi†o Di L?c, mang v? 5 b? lu?n Duy Th?c.
""B?c tr° gi? ham h?c,
Ng??i truy?n b† Ch†nh Ph†p,
K? c?u tho†t luÉn h?i ?
??u t†i sinh ?Éu Su?t.""
? Ngh?a SÉu Xa
C?i ""chuy?n ti?p"" quan tr?ng:
LÖ bÖn ??p cu?i cóng ?? B? T†t gi†ng tr?n thÖnh Ph?t (nh? Th°ch Ca t?ng ? ?Éy tr??c sinh vÖo cung vua T?nh Ph?n).
Ph£c tr° song tu:
Dó lÖ thiàn gi?i d?c l?c, nh?ng nh? nghe Di L?c thuy?t ph†p, ch? thiàn ? ?Éy d? ph†t B? ?? tÉm h?n c†c c?i tr?i kh†c.
""Sen n? ?Éu Su?t ??i ngÖy h? sanh ?
M?t ki?p lÖm ng??i, muìn ??i gi†c ng?.""",9,64,63,55,54,53,52
31,C?i Tr?i H¢a L?c,"Thiàn Gi?i c?a T? T?i Bi?n H¢a
",Realm_01.jpg,"??c ?i?m C?i Tr?i
V? tr°: L? l?ng tràn ??nh Tu-di, thu?c t?ng tr?i D?c Gi?i cao c?p, n?i ch? thiàn h??ng l?c t? tÉm th?c.

Th?n thìng ??c bi?t:

??c ni?m thÖnh hi?n th?c: Khìng c?n ??i t??ng v?t ch?t, ch? c?n ngh? ??n lÖ hi?n ra.

?n †i vi di?u: Ch? c?n c??i n¢i, ng?i h??ng l?n nhau lÖ th?a m?n.

C?nh quan:

Cung ?i?n t?a †nh vÖng r?c, v??n cÉy b?o chÉu, hoa th?m ngÖo ng?t.

?m thanh nh?c tr?i, m£a thiàng vang v?ng kh?p n?i.

NhÉn Duyàn T†i Sinh
Tu t?p ??i tr??c:

Gi? gi?i tinh nghiàm (??o ??c cao).

B? th° c?c k? r?ng l?n (vì ?i?u ki?n).

T? l?c tu hÖnh v?i ? ch° m?nh m?.

""Ai s?ng ??i thanh cao,
Gi? gi?i h?nh tinh khi?t,
R?ng lïng th° vì £y ?
?t sinh c?i H¢a L?c.""
BÖi H?c TÉm Linh
H?nh ph£c vi t? h?n, nh?ng v?n lÖ luÉn h?i:

Dó khìng b†m vÖo v?t ch?t, ch? thiàn v?n tr¢i bu?c b?i ni?m l?c t? tÉm th?c.

B??c ??m quan tr?ng:

C?i nÖy d? chuy?n h??ng sang ??i Th?a ho?c Duyàn Gi†c, nh? ?? thu?n th?c t? ch? tÉm ?.

""Bi?n h¢a ra thiàn ???ng ?
C?ng ch? lÖ ?o ?nh c?a tÉm th?c.
Buìng c? ??c ni?m, m?i th?t gi?i tho†t!""",10,52,30,43,32,22,12
32,"C?i Tr?i Tha H¢a T? T?i 
","??nh Cao D?c Gi?i
",Realm_02.jpg,"??c ?i?m C?i Tr?i
V? tr°: T?ng tr?i cao nh?t D?c Gi?i, n?i ch? thiàn th?ng tr? c†c h¢a hi?n c?a ch£ng sinh kh†c.
Quy?n n?ng ??c bi?t:
Khìng c?n t? t?o ??i t??ng h??ng th? (nh? c?i H¢a L?c).
Thiàn ch£ng kh†c t? ??ng h¢a hi?n theo ? mu?n c?a h? (nh? ??u b?p n?u m¢n ch? th°ch).
?n †i b?ng †nh m?t ? ch? c?n nhçn lÖ th?a m?n.
Vua c?i tr?i: Ma V??ng (Mara) ? ch£a t? D?c Gi?i, luìn tçm c†ch ng?n c?n tu s? ??t gi?i tho†t.
NhÉn Duyàn T†i Sinh
Tu t?p ??i tr??c:
B? th° vì l??ng (c?c k? r?ng l?n).
T? ch? tuy?t ??i (gi?i lu?t nghiàm m?t).
Kh?ng ch? d?c v?ng (khìng b? c?nh tr?n chi ph?i).
""B?c th??ng c?n vi di?u,
??c h?nh v??t ch£ng sinh,
Buìng b? m?i ch?p tr??c ?
Sinh v? c?i Tha H¢a.""
BÖi H?c TÉm Linh
D?c Gi?i vi t? nh?t:
Dó ? ??nh cao D?c Gi?i, v?n b? Ma V??ng ki?m so†t ? ch? khi vÖo S?c Gi?i m?i tho†t t?m ?nh h??ng c?a Mara.
Con ???ng nguy hi?m:
Tu s? mu?n làn S?c Gi?i ph?i ??i m?t v?i ma quÉn (kho†i l?c, s? h?i, phÉn tÉm).
""Ma V??ng c?ng lÖ th?y ?
Nh? ma th? th†ch, m?i bi?t ??o l?c mçnh!""",11,30,35,28,18,10,4
33,"M?t Th?a - Ti?u T°ch L?y 
","Giai ?o?n Kh?i ??u C?a 
HÖnh Gi? M?t Tìng",Realm_01.jpg,"B?n Ch?t C?a Nghi Qu? HÖnh Trç
Thu?c HÖnh T†c Tantra (Kriya Tantra): Giai ?o?n ??u c?a M?t th?a, t?p trung vÖo thanh t?nh h¢a n?i ngo?i gi?i thìng qua:
ThÉn: Qu†n t??ng b?n thÉn lÖ h¢a thÉn c?a B?n tìn (ch?a ph?i ""t? nh?n mçnh lÖ B?n tìn"").
Kh?u: Trç t?ng th?n ch£ (mantra) c?a B?n tìn.
?: Chuy?n h¢a c?nh gi?i xung quanh thÖnh T?nh ?? c?a B?n tìn.
M?c ?°ch t?i th??ng: Th?u hi?u t†nh Khìng c?a v?n ph†p, nh?ng giai ?o?n nÖy m?i d?ng ? t°ch l?y cìng ??c qua nghi l? bàn ngoÖi.
Nguy Hi?m Ti?m ?n
L?m d?ng th?n thìng:
N?u tu t?p khìng ph†t B? ?? tÉm, ch? c?u phÇp thu?t (hÖng ph?c, tri?u tÖi...), s? c?ng c? b?n ng?, d?n ??n:
R?i vÖo c?i Rudra (s? 16 ? hi?n thÉn c?a sÉn h?n c?c ??).
??a Kim Cang ??a Ng?c (s? 1 ? kh? ?au t?t cóng do ph† h?y M?t gi?i).
Gi?i lu?t nghiàm ng?t:
Ph?i gi? 14 gi?i c?n b?n M?t th?a, n?u khìng s? b? ""Kim Cang h?a thiàu"" (h?u qu? nghi?p n?ng).
""TÉm cïn v?ng ni?m lan man,
??ng v?i t? nh?n gi? trïn M?t gi?i ?
K?o sa vÖo ??a ng?c s?m ch?p,
H?i h?n nghçn thu c?ng khìng k?p!""
L?i Khuyàn Cho HÖnh Gi?
Khìng ???c t†ch r?i B? ?? tÉm:
Dó tu ph†p hÖnh trç bàn ngoÖi (c£ng d??ng, t?ng ch£), ph?i luìn h?i h??ng vç l?i °ch ch£ng sinh.
Th?y (Guru) lÖ then ch?t:
Ph?i ???c kh?u truy?n nghi qu? t? b?c ??o s? ?? ph?m t°nh, n?u khìng d? l?c vÖo tÖ ??o.",3,41,42,42,42,16,1
34,"Mahakala ? ??i H?c Th?n
","H? Ph†p T?i Th??ng 
c?a M?t Tìng",Realm_02.jpg,"B?n Ch?t C?a Mahakala
""??i H?c"" (Great Black One): Bi?u t??ng n?ng l??ng ph?n n? ???c chuy?n h¢a thÖnh l?c l??ng h? trç Ch†nh Ph†p.

ThÉn ph?n:

LÖ h? ph†p siàu th? gian (khìng b? Çp bu?c, mÖ t? nguy?n ph†t nguy?n).

C¢ th? lÖ h¢a thÉn c?a Yama (Diàm V??ng) ho?c Rudra-Shiva sau khi quy y Ph?t gi†o.

Hçnh t??ng:

3 m?t (bi?u th? tr° tu? th?u tam gi?i).

M?c da voi, ?eo vïng ??u lÉu t??i, chÉn ??p làn ch??ng ng?i.

Tay c?m chÖy kim cang, b†t s? ng??i, tam xoa.

N?ng L?c vÖ Nghi Qu?
B?o v? hÖnh gi?:

Tiàu di?t ma ch??ng, k? thó bàn ngoÖi (ph† ho?i Ph?t Ph†p) l?n bàn trong (tham sÉn si).

Trong m£a thiàng (cham), NgÖi ""gi?i tho†t"" (hÖnh quy?t) linh h?n †c ma.

75 H¢a ThÉn: M?i tìng ph†i TÉy T?ng c¢ c†ch mì t? kh†c nhau (v° d?: Panjaranatha, Bernakchen, Chaturmukha?).
BÖi H?c T? Mahakala
Ph?n n? c?ng lÖ t? bi:

S? hung n? c?a NgÖi khìng ph?i sÉn h?n, mÖ lÖ tr° tu? ph† ch?p d??i hçnh t??ng ?†ng s?.

Chuy?n h¢a b¢ng t?i thÖnh †nh s†ng:

CÉu chuy?n Rudra-Shiva thÖnh Mahakala cho th?y: Khìng c¢ n?ng l??ng nÖo khìng th? gi†c ng?.

""Uy l?c ??i hóng c?ng t? tÉm B? ?? ?
D?a ma ch? khìng d?a ng??i c?u gi?i tho†t.""",3,61,81,70,70,70,70
35,C?i tr?i S?c Gi?i,"C?i Tr?i c?a Thi?n ??nh
",Realm_01.jpg,"??c ?i?m C?i S?c Gi?i
V? tr°: V??t làn tràn D?c Gi?i, g?m 17 t?ng tr?i t??ng ?ng v?i 4 b?c thi?n (dhy?na).

ThÉn th?: Vi t?, trong su?t, khìng cïn kh? ?au th? x†c hay tinh th?n.

Nguyàn nhÉn t†i sinh: Tu t?p thi?n ??nh (samatha), ?o?n tr? d?c v?ng nh?ng ch?a ??t tr° tu? gi?i tho†t.

4 T?ng Thi?n & C†c C?i T??ng ?ng
S? Thi?n (Brahma realms):

G?m 3 c?i: Ph?m Ch£ng Thiàn, Ph?m Ph? Thiàn, ??i Ph?m Thiàn.

T?p trung vÖo m?t ??i t??ng thi?n, nh?ng v?n quan ni?m Ph?m Thiàn lÖ ??ng s†ng t?o (tÖ ki?n).

Nh? Thi?n (?bh?svara - Quang ?m Thiàn):

3 c?i tr?i †nh s†ng, h? l?c ph†t sinh t? ??nh.

Khìng cïn kho†i l?c thì thi?n c?a D?c Gi?i.

Tam Thi?n (?ubhak?tsna - Bi?n T?nh Thiàn):

3 c?i tr?i thanh t?nh, tr?i nghi?m x? ni?m thanh t?nh.

C?m th? h? l?c vi t?.

T? Thi?n:

G?m nhi?u c?i, trong ?¢ c¢:

Vì VÉn Thiàn (Aniv?ta): Khìng cïn ch??ng ng?i.

Ph??c Sanh Thiàn (Pu?yaprasava): Ph??c b†o ??a làn.

Qu?ng Qu? Thiàn (B?hatphala): ??nh l?c cao nh?t.

??nh cao lÖ Vì T??ng Thiàn (Asa?j§i-sattva):

T??ng nh? Ni?t BÖn, nh?ng th?c ch?t ch? lÖ tr?ng th†i vì t??ng ? khi nghi?p c? d?y làn, v?n ??a xu?ng D?c Gi?i.
BÖi H?c T? S?c Gi?i
Thi?n ??nh ? Gi?i tho†t:

Dó ??t ??nh cao, n?u khìng c¢ tr° tu? v? Kh? - T?p - Di?t - ??o, v?n khìng tho†t luÉn h?i.

Nguy hi?m c?a Vì T??ng:

T??ng lÖ Ni?t BÖn, nh?ng th?c ra ch? lÖ tr?ng th†i tÉm t?m d?ng, nh? n??c l?ng s¢ng v?n cïn ?†y.

""??nh l?c dó cao nh? n£i,
Khìng tu? quang c?ng ch? lÖ b¢ng t?i mành mìng.""",10,37,52,36,30,17,27
36,C?i tr?i Vì S?c Gi?i,C?i Tr?i c?a TÉm Th?c Thu?n T£y,Realm_02.jpg,"??c ?i?m C?i Vì S?c Gi?i
V??t tràn v?t ch?t: Khìng c¢ hçnh t??ng, khìng gian, ch? t?n t?i tÉm th?c tinh khi?t.

4 T?ng Thi?n Vì S?c: ??t ???c nh? 4 ""??ng Trç"" (sam?patti) trong thi?n ??nh:

Khìng Vì Biàn X?: ""Khìng gian lÖ vì h?n"" ? V??t kh†i ni?m v?t ch?t.

Th?c Vì Biàn X?: ""? th?c lÖ vì h?n"" ? V??t c? khìng gian.

Vì S? H?u X?: ""Khìng c¢ gç c?"" ? V??t c? ? th?c.

Phi T??ng Phi Phi T??ng X?: ""Khìng t??ng, khìng ph?i khìng t??ng"" ? ??nh cao c?a luÉn h?i.

""??nh T?n T?i"" (Peak of Existence):

T??ng nh? Ni?t BÖn, nh?ng th?c ch?t ch? lÖ tr?ng th†i tÉm t?m l?ng.

Khi nghi?p c? kh?i làn, v?n ??a vÖo c?i th?p.
BÖi H?c T? Vì S?c Gi?i
??nh cao v?n lÖ luÉn h?i:

Dó ??t c?nh gi?i vi t? nh?t, n?u khìng th?u t†nh Khìng, v?n b? tr¢i bu?c b?i ""†i h?u"" (tham luy?n s? t?n t?i).

Nguy hi?m c?a ""t?ch t?nh gi? t?o"":

Thi?n gi? d? l?m tr?ng th†i vì t??ng lÖ Ni?t BÖn, nh?ng th?c ch?t ch? lÖ s? ?¢ng b?ng c?a tÉm th?c.

""V?ng t??ng d?ng b?t ch?a ph?i gi†c ng? ?
Nh? m?t h? ?¢ng b?ng, ?†y n??c v?n cu?ng si.""",30,38,17,11,11,11,4
37,"T?nh C? Thiàn
","C?i Tr?i Thanh T?nh 
& ??nh Cao S?c Gi?i",Realm_01.jpg,"??c ?i?m C?nh Gi?i
Tu ch?ng: ??t ???c nh? cìng phu thi?n ??nh t? thi?n sÉu nh?t, t?p trung nh?t.
N?m t?ng tr?i t??ng ?ng v?i ng? c?n (t°n, t?n, ni?m, ??nh, tu?), n?i b?ng b?nh tràn ??nh Tu-di s?n:
T?i th?ng thiàn (Akani??ha): Nh?n m?nh tu? qu†n (vipa?yan?), g?n v?i b?n ch?t gi†c ng? (x?p riàng ? No. 84).
??c t°nh ch? thiàn:
""??c h?nh, th?n thìng, th? m?ng dÖi, dung m?o tuy?t m?, t? t?i phi hÖnh, khìng cïn tham d?c... Ch? b?c Th†nh (arya) chuyàn tÉm tu t?p m?i ??t ??n, khìng dÖnh cho phÖm phu (p?thagjana).""
2. Ph??ng Ph†p Tu T?p
T? thi?n + Ng? c?n viàn m?n:
T°n (v?ng ch?c) ? T?n (tinh t?n) ? Ni?m (t?nh gi†c) ? ??nh (an tr£) ? Tu? (th?u su?t).
Tr?ng tÉm t?i Akani??ha:
""Qu†n chi?u t†nh Khìng, thÉn-c?nh nh?t nh?, †nh s†ng tr° tu? xuyàn ph† vì minh.""
BÖi H?c Tr?ng Y?u
""Thanh t?nh khìng ph?i c?nh gi?i, mÖ lÖ tÉm khìng nhi?m tr??c"":
Dó h??ng ph??c b†o c?i tr?i, b?c Th†nh v?n h??ng v? gi?i tho†t.

Akani??ha lÖ c?u n?i:
""T? thi?n ??nh s?c gi?i v??n ??n tr° tu? vì s?c ? ch? m?t ni?m chuy?n mçnh lÖ vÖo c?i Ph?t.""",10,64,54,32,52,12,12
38,"Thanh V?n Th?a
"," T°ch L?y ??o
",Realm_02.jpg,"Kh?i ??u Con Gi?i Tho†t
??ng l?c: Ch†n ng†n sinh t?, ph†t tÉm c?u gi?i tho†t kh?i luÉn h?i.

??i t??ng: DÖnh cho ng??i xu?t gia ho?c t?i gia, t?p trung vÖo gi?i - ??nh - tu? c?n b?n.

Ph??ng ph†p tu t?p:

Qu†n b?t t?nh (??i tr? tham d?c).

Qu†n 12 nhÉn duyàn (??i tr? vì minh).

Tu tÉm t? (??i tr? sÉn h?n).

Qu†n h?i th? (??i tr? t†n lo?n).

Qu†n t??ng Ph?t (??i tr? t?t c? phi?n n?o).

4 TÖ Ki?n C?n Ph† B?
Ch?p th??ng trong c†i vì th??ng.

Ch?p l?c trong c†i kh?.

Ch?p ng? trong c†i vì ng?.

Ch?p t?nh trong c†i b?t t?nh.

""Th?y r? sinh t? lÖ b? kh?,
D?t tr? tÖ ki?n m?i vÖo dïng Th†nh.""
BÖi H?c T? Thanh V?n Th?a
T°ch l?y cìng ??c lÖ n?n t?ng:

Dó tu gi?i tho†t, v?n c?n b? th°, trç gi?i, l? b†i ?? cÉn b?ng nghi?p l?c.

Gi?i h?n c?a Thanh V?n:

M?c tiàu ban ??u ch? lÖ t? ??, nh?ng c¢ th? chuy?n h??ng sang ??i Th?a n?u ph†t tÉm r?ng l?n.",3,37,40,39,52,11,5
39,"Thanh V?n Th?a
",Gia H?nh V?,Realm_01.jpg,"Giai ?o?n Chu?n B? ??t Ph†
V? tr°: Giai ?o?n chu?n b? ch?ng ki?n T? Di?u ?? (tr??c khi vÖo Ki?n ??o v?).

??c ?i?m:

K?t h?p Ch? (samatha - ??nh t?nh) vÖ Qu†n (vipassan? - tu? gi†c).

??i t??ng thi?n: Vì th??ng, Kh?, Vì ng? c?a ng? u?n.

??t 5 lo?i th?n thìng th? gian (abhij§?):

Th?n t£c thìng (bay, ?i tràn n??c...).

Thiàn nh? thìng.

Tha tÉm thìng.

T£c m?ng thìng (nh? ki?p tr??c).

Thiàn nh?n thìng (th?y ki?p ng??i kh†c).

L?u ?: Ch?a ??t L?u t?n thìng (th? 6, ch? c¢ ? A-la-h†n).
C?nh Gi?i C¢ Th? ??t ???c
Xu?t th? gian ??o: N?u thÖnh cìng, s? vÖo Ki?n ??o v? (th?y r? T? ??).

Th? gian ??o: N?u d?ng l?i, c¢ th? ??t c?i tr?i ho?c th?n thìng, nh?ng v?n trong luÉn h?i.

""Th?n thìng dó l?, v?n lÖ nghi?p c? ?
L?u t?n m?i th?t lÖ b? gi?i tho†t!""",3,52,43,40,52,28,19
40,"Thanh V?n Th?a
","Ki?n ??o & Tu ??o V?
",Realm_02.jpg,"Ki?n ??o V? (Dar?ana-m?rga)
??t ph† tÉm linh: L?n ??u tiàn tr?c nh?n T? Di?u ?? nh? th?t:

Kh? ??: LuÉn h?i lÖ b? kh?.

T?p ??: Tham †i lÖ g?c kh?.

Di?t ??: Di?t †i = Di?t kh?.

??o ??: B†t Ch†nh ??o lÖ con ???ng.

?o?n tr?:

ThÉn ki?n (ch?p ""ta"").

Nghi (hoÖi nghi Ph†p).

Gi?i c?m th? (mà t°n nghi l?).

Qu? v?: Ch?ng S? qu? (D? L?u) ? t?i ?a 7 ki?p n?a gi?i tho†t.

Tu ??o V? (Bh?van?-m?rga)
Cìng phu sÉu: Tiàu tr? vi t? phi?n n?o cïn s¢t:

D?c †i (ham mu?n vi t?).

SÉn.

Vì minh tÖn d?.

ThÖnh t?u:

Kim Cang ??nh (Vajropama-sam?dhi): ??nh l?c kiàn c? nh? kim c??ng, ph† tan m?i l?u ho?c.

Viàn m?n B†t Ch†nh ??o.

Qu? v? cu?i: A-la-h†n (l?u t?n, gi?i tho†t).
BÖi H?c Tr?ng Y?u
Ki?n ??o ? Tu ??o:

Ki?n ??o nh? nhçn th?y ??nh n£i, Tu ??o lÖ leo làn ??nh.

A-la-h†n khìng ph?i ""c?u c†nh"":

Theo ??i Th?a, A-la-h†n c¢ th? h?i tÉm h??ng B? ?? ?? thÖnh B? T†t.

""Th?y Kh? r?i m?i d?t ?i,
Tu? gi†c sinh thç phi?n n?o r?ng!""",3,30,35,28,32,31,29
41,"Thanh V?n Th?a
","Ki?n ??o & Tu ??o V?
",Realm_01.jpg,"Ki?n ??o V? (Dar?ana-m?rga)
??t ph† tÉm linh: L?n ??u tiàn tr?c nh?n T? Di?u ?? nh? th?t:

Kh? ??: LuÉn h?i lÖ b? kh?.

T?p ??: Tham †i lÖ g?c kh?.

Di?t ??: Di?t †i = Di?t kh?.

??o ??: B†t Ch†nh ??o lÖ con ???ng.

?o?n tr?:

ThÉn ki?n (ch?p ""ta"").

Nghi (hoÖi nghi Ph†p).

Gi?i c?m th? (mà t°n nghi l?).

Qu? v?: Ch?ng S? qu? (D? L?u) ? t?i ?a 7 ki?p n?a gi?i tho†t.

Tu ??o V? (Bh?van?-m?rga)
Cìng phu sÉu: Tiàu tr? vi t? phi?n n?o cïn s¢t:

D?c †i (ham mu?n vi t?).

SÉn.

Vì minh tÖn d?.

ThÖnh t?u:

Kim Cang ??nh (Vajropama-sam?dhi): ??nh l?c kiàn c? nh? kim c??ng, ph† tan m?i l?u ho?c.

Viàn m?n B†t Ch†nh ??o.

Qu? v? cu?i: A-la-h†n (l?u t?n, gi?i tho†t).
BÖi H?c Tr?ng Y?u
Ki?n ??o ? Tu ??o:

Ki?n ??o nh? nhçn th?y ??nh n£i, Tu ??o lÖ leo làn ??nh.

A-la-h†n khìng ph?i ""c?u c†nh"":

Theo ??i Th?a, A-la-h†n c¢ th? h?i tÉm h??ng B? ?? ?? thÖnh B? T†t.

""Th?y Kh? r?i m?i d?t ?i,
Tu? gi†c sinh thç phi?n n?o r?ng!""",3,30,35,28,32,31,29
42,"Thanh V?n Th?a
","Ki?n ??o & Tu ??o V?
",Realm_02.jpg,"Ki?n ??o V? (Dar?ana-m?rga)
??t ph† tÉm linh: L?n ??u tiàn tr?c nh?n T? Di?u ?? nh? th?t:

Kh? ??: LuÉn h?i lÖ b? kh?.

T?p ??: Tham †i lÖ g?c kh?.

Di?t ??: Di?t †i = Di?t kh?.

??o ??: B†t Ch†nh ??o lÖ con ???ng.

?o?n tr?:

ThÉn ki?n (ch?p ""ta"").

Nghi (hoÖi nghi Ph†p).

Gi?i c?m th? (mà t°n nghi l?).

Qu? v?: Ch?ng S? qu? (D? L?u) ? t?i ?a 7 ki?p n?a gi?i tho†t.

Tu ??o V? (Bh?van?-m?rga)
Cìng phu sÉu: Tiàu tr? vi t? phi?n n?o cïn s¢t:

D?c †i (ham mu?n vi t?).

SÉn.

Vì minh tÖn d?.

ThÖnh t?u:

Kim Cang ??nh (Vajropama-sam?dhi): ??nh l?c kiàn c? nh? kim c??ng, ph† tan m?i l?u ho?c.

Viàn m?n B†t Ch†nh ??o.

Qu? v? cu?i: A-la-h†n (l?u t?n, gi?i tho†t).
BÖi H?c Tr?ng Y?u
Ki?n ??o ? Tu ??o:

Ki?n ??o nh? nhçn th?y ??nh n£i, Tu ??o lÖ leo làn ??nh.

A-la-h†n khìng ph?i ""c?u c†nh"":

Theo ??i Th?a, A-la-h†n c¢ th? h?i tÉm h??ng B? ?? ?? thÖnh B? T†t.

""Th?y Kh? r?i m?i d?t ?i,
Tu? gi†c sinh thç phi?n n?o r?ng!""",3,30,35,28,32,31,29
43,"Thanh V?n Th?a
","Ki?n ??o & Tu ??o V?
",Realm_01.jpg,"Ki?n ??o V? (Dar?ana-m?rga)
??t ph† tÉm linh: L?n ??u tiàn tr?c nh?n T? Di?u ?? nh? th?t:

Kh? ??: LuÉn h?i lÖ b? kh?.

T?p ??: Tham †i lÖ g?c kh?.

Di?t ??: Di?t †i = Di?t kh?.

??o ??: B†t Ch†nh ??o lÖ con ???ng.

?o?n tr?:

ThÉn ki?n (ch?p ""ta"").

Nghi (hoÖi nghi Ph†p).

Gi?i c?m th? (mà t°n nghi l?).

Qu? v?: Ch?ng S? qu? (D? L?u) ? t?i ?a 7 ki?p n?a gi?i tho†t.

Tu ??o V? (Bh?van?-m?rga)
Cìng phu sÉu: Tiàu tr? vi t? phi?n n?o cïn s¢t:

D?c †i (ham mu?n vi t?).

SÉn.

Vì minh tÖn d?.

ThÖnh t?u:

Kim Cang ??nh (Vajropama-sam?dhi): ??nh l?c kiàn c? nh? kim c??ng, ph† tan m?i l?u ho?c.

Viàn m?n B†t Ch†nh ??o.

Qu? v? cu?i: A-la-h†n (l?u t?n, gi?i tho†t).
BÖi H?c Tr?ng Y?u
Ki?n ??o ? Tu ??o:

Ki?n ??o nh? nhçn th?y ??nh n£i, Tu ??o lÖ leo làn ??nh.

A-la-h†n khìng ph?i ""c?u c†nh"":

Theo ??i Th?a, A-la-h†n c¢ th? h?i tÉm h??ng B? ?? ?? thÖnh B? T†t.

""Th?y Kh? r?i m?i d?t ?i,
Tu? gi†c sinh thç phi?n n?o r?ng!""",3,30,35,28,32,31,29
44,"Thanh V?n Th?a
","Ki?n ??o & Tu ??o V?
",Realm_02.jpg,"Ki?n ??o V? (Dar?ana-m?rga)
??t ph† tÉm linh: L?n ??u tiàn tr?c nh?n T? Di?u ?? nh? th?t:

Kh? ??: LuÉn h?i lÖ b? kh?.

T?p ??: Tham †i lÖ g?c kh?.

Di?t ??: Di?t †i = Di?t kh?.

??o ??: B†t Ch†nh ??o lÖ con ???ng.

?o?n tr?:

ThÉn ki?n (ch?p ""ta"").

Nghi (hoÖi nghi Ph†p).

Gi?i c?m th? (mà t°n nghi l?).

Qu? v?: Ch?ng S? qu? (D? L?u) ? t?i ?a 7 ki?p n?a gi?i tho†t.

Tu ??o V? (Bh?van?-m?rga)
Cìng phu sÉu: Tiàu tr? vi t? phi?n n?o cïn s¢t:

D?c †i (ham mu?n vi t?).

SÉn.

Vì minh tÖn d?.

ThÖnh t?u:

Kim Cang ??nh (Vajropama-sam?dhi): ??nh l?c kiàn c? nh? kim c??ng, ph† tan m?i l?u ho?c.

Viàn m?n B†t Ch†nh ??o.

Qu? v? cu?i: A-la-h†n (l?u t?n, gi?i tho†t).
BÖi H?c Tr?ng Y?u
Ki?n ??o ? Tu ??o:

Ki?n ??o nh? nhçn th?y ??nh n£i, Tu ??o lÖ leo làn ??nh.

A-la-h†n khìng ph?i ""c?u c†nh"":

Theo ??i Th?a, A-la-h†n c¢ th? h?i tÉm h??ng B? ?? ?? thÖnh B? T†t.

""Th?y Kh? r?i m?i d?t ?i,
Tu? gi†c sinh thç phi?n n?o r?ng!""",3,30,35,28,32,31,29
45,"Thanh V?n Th?a
","Ki?n ??o & Tu ??o V?
",Realm_01.jpg,"Ki?n ??o V? (Dar?ana-m?rga)
??t ph† tÉm linh: L?n ??u tiàn tr?c nh?n T? Di?u ?? nh? th?t:

Kh? ??: LuÉn h?i lÖ b? kh?.

T?p ??: Tham †i lÖ g?c kh?.

Di?t ??: Di?t †i = Di?t kh?.

??o ??: B†t Ch†nh ??o lÖ con ???ng.

?o?n tr?:

ThÉn ki?n (ch?p ""ta"").

Nghi (hoÖi nghi Ph†p).

Gi?i c?m th? (mà t°n nghi l?).

Qu? v?: Ch?ng S? qu? (D? L?u) ? t?i ?a 7 ki?p n?a gi?i tho†t.

Tu ??o V? (Bh?van?-m?rga)
Cìng phu sÉu: Tiàu tr? vi t? phi?n n?o cïn s¢t:

D?c †i (ham mu?n vi t?).

SÉn.

Vì minh tÖn d?.

ThÖnh t?u:

Kim Cang ??nh (Vajropama-sam?dhi): ??nh l?c kiàn c? nh? kim c??ng, ph† tan m?i l?u ho?c.

Viàn m?n B†t Ch†nh ??o.

Qu? v? cu?i: A-la-h†n (l?u t?n, gi?i tho†t).
BÖi H?c Tr?ng Y?u
Ki?n ??o ? Tu ??o:

Ki?n ??o nh? nhçn th?y ??nh n£i, Tu ??o lÖ leo làn ??nh.

A-la-h†n khìng ph?i ""c?u c†nh"":

Theo ??i Th?a, A-la-h†n c¢ th? h?i tÉm h??ng B? ?? ?? thÖnh B? T†t.

""Th?y Kh? r?i m?i d?t ?i,
Tu? gi†c sinh thç phi?n n?o r?ng!""",3,30,35,28,32,31,29
46,"Thanh V?n Th?a
","Ki?n ??o & Tu ??o V?
",Realm_02.jpg,"Ki?n ??o V? (Dar?ana-m?rga)
??t ph† tÉm linh: L?n ??u tiàn tr?c nh?n T? Di?u ?? nh? th?t:

Kh? ??: LuÉn h?i lÖ b? kh?.

T?p ??: Tham †i lÖ g?c kh?.

Di?t ??: Di?t †i = Di?t kh?.

??o ??: B†t Ch†nh ??o lÖ con ???ng.

?o?n tr?:

ThÉn ki?n (ch?p ""ta"").

Nghi (hoÖi nghi Ph†p).

Gi?i c?m th? (mà t°n nghi l?).

Qu? v?: Ch?ng S? qu? (D? L?u) ? t?i ?a 7 ki?p n?a gi?i tho†t.

Tu ??o V? (Bh?van?-m?rga)
Cìng phu sÉu: Tiàu tr? vi t? phi?n n?o cïn s¢t:

D?c †i (ham mu?n vi t?).

SÉn.

Vì minh tÖn d?.

ThÖnh t?u:

Kim Cang ??nh (Vajropama-sam?dhi): ??nh l?c kiàn c? nh? kim c??ng, ph† tan m?i l?u ho?c.

Viàn m?n B†t Ch†nh ??o.

Qu? v? cu?i: A-la-h†n (l?u t?n, gi?i tho†t).
BÖi H?c Tr?ng Y?u
Ki?n ??o ? Tu ??o:

Ki?n ??o nh? nhçn th?y ??nh n£i, Tu ??o lÖ leo làn ??nh.

A-la-h†n khìng ph?i ""c?u c†nh"":

Theo ??i Th?a, A-la-h†n c¢ th? h?i tÉm h??ng B? ?? ?? thÖnh B? T†t.

""Th?y Kh? r?i m?i d?t ?i,
Tu? gi†c sinh thç phi?n n?o r?ng!""",3,30,35,28,32,31,29
47,"Thanh V?n Th?a
","Ki?n ??o & Tu ??o V?
",Realm_01.jpg,"Ki?n ??o V? (Dar?ana-m?rga)
??t ph† tÉm linh: L?n ??u tiàn tr?c nh?n T? Di?u ?? nh? th?t:

Kh? ??: LuÉn h?i lÖ b? kh?.

T?p ??: Tham †i lÖ g?c kh?.

Di?t ??: Di?t †i = Di?t kh?.

??o ??: B†t Ch†nh ??o lÖ con ???ng.

?o?n tr?:

ThÉn ki?n (ch?p ""ta"").

Nghi (hoÖi nghi Ph†p).

Gi?i c?m th? (mà t°n nghi l?).

Qu? v?: Ch?ng S? qu? (D? L?u) ? t?i ?a 7 ki?p n?a gi?i tho†t.

Tu ??o V? (Bh?van?-m?rga)
Cìng phu sÉu: Tiàu tr? vi t? phi?n n?o cïn s¢t:

D?c †i (ham mu?n vi t?).

SÉn.

Vì minh tÖn d?.

ThÖnh t?u:

Kim Cang ??nh (Vajropama-sam?dhi): ??nh l?c kiàn c? nh? kim c??ng, ph† tan m?i l?u ho?c.

Viàn m?n B†t Ch†nh ??o.

Qu? v? cu?i: A-la-h†n (l?u t?n, gi?i tho†t).
BÖi H?c Tr?ng Y?u
Ki?n ??o ? Tu ??o:

Ki?n ??o nh? nhçn th?y ??nh n£i, Tu ??o lÖ leo làn ??nh.

A-la-h†n khìng ph?i ""c?u c†nh"":

Theo ??i Th?a, A-la-h†n c¢ th? h?i tÉm h??ng B? ?? ?? thÖnh B? T†t.

""Th?y Kh? r?i m?i d?t ?i,
Tu? gi†c sinh thç phi?n n?o r?ng!""",3,30,35,28,32,31,29
48,"Thanh V?n Th?a
","Ki?n ??o & Tu ??o V?
",Realm_02.jpg,"Ki?n ??o V? (Dar?ana-m?rga)
??t ph† tÉm linh: L?n ??u tiàn tr?c nh?n T? Di?u ?? nh? th?t:

Kh? ??: LuÉn h?i lÖ b? kh?.

T?p ??: Tham †i lÖ g?c kh?.

Di?t ??: Di?t †i = Di?t kh?.

??o ??: B†t Ch†nh ??o lÖ con ???ng.

?o?n tr?:

ThÉn ki?n (ch?p ""ta"").

Nghi (hoÖi nghi Ph†p).

Gi?i c?m th? (mà t°n nghi l?).

Qu? v?: Ch?ng S? qu? (D? L?u) ? t?i ?a 7 ki?p n?a gi?i tho†t.

Tu ??o V? (Bh?van?-m?rga)
Cìng phu sÉu: Tiàu tr? vi t? phi?n n?o cïn s¢t:

D?c †i (ham mu?n vi t?).

SÉn.

Vì minh tÖn d?.

ThÖnh t?u:

Kim Cang ??nh (Vajropama-sam?dhi): ??nh l?c kiàn c? nh? kim c??ng, ph† tan m?i l?u ho?c.

Viàn m?n B†t Ch†nh ??o.

Qu? v? cu?i: A-la-h†n (l?u t?n, gi?i tho†t).
BÖi H?c Tr?ng Y?u
Ki?n ??o ? Tu ??o:

Ki?n ??o nh? nhçn th?y ??nh n£i, Tu ??o lÖ leo làn ??nh.

A-la-h†n khìng ph?i ""c?u c†nh"":

Theo ??i Th?a, A-la-h†n c¢ th? h?i tÉm h??ng B? ?? ?? thÖnh B? T†t.

""Th?y Kh? r?i m?i d?t ?i,
Tu? gi†c sinh thç phi?n n?o r?ng!""",3,30,35,28,32,31,29
49,"Thanh V?n Th?a
","Ki?n ??o & Tu ??o V?
",Realm_01.jpg,"Ki?n ??o V? (Dar?ana-m?rga)
??t ph† tÉm linh: L?n ??u tiàn tr?c nh?n T? Di?u ?? nh? th?t:

Kh? ??: LuÉn h?i lÖ b? kh?.

T?p ??: Tham †i lÖ g?c kh?.

Di?t ??: Di?t †i = Di?t kh?.

??o ??: B†t Ch†nh ??o lÖ con ???ng.

?o?n tr?:

ThÉn ki?n (ch?p ""ta"").

Nghi (hoÖi nghi Ph†p).

Gi?i c?m th? (mà t°n nghi l?).

Qu? v?: Ch?ng S? qu? (D? L?u) ? t?i ?a 7 ki?p n?a gi?i tho†t.

Tu ??o V? (Bh?van?-m?rga)
Cìng phu sÉu: Tiàu tr? vi t? phi?n n?o cïn s¢t:

D?c †i (ham mu?n vi t?).

SÉn.

Vì minh tÖn d?.

ThÖnh t?u:

Kim Cang ??nh (Vajropama-sam?dhi): ??nh l?c kiàn c? nh? kim c??ng, ph† tan m?i l?u ho?c.

Viàn m?n B†t Ch†nh ??o.

Qu? v? cu?i: A-la-h†n (l?u t?n, gi?i tho†t).
BÖi H?c Tr?ng Y?u
Ki?n ??o ? Tu ??o:

Ki?n ??o nh? nhçn th?y ??nh n£i, Tu ??o lÖ leo làn ??nh.

A-la-h†n khìng ph?i ""c?u c†nh"":

Theo ??i Th?a, A-la-h†n c¢ th? h?i tÉm h??ng B? ?? ?? thÖnh B? T†t.

""Th?y Kh? r?i m?i d?t ?i,
Tu? gi†c sinh thç phi?n n?o r?ng!""",3,30,35,28,32,31,29
50,"Thanh V?n Th?a
","Ki?n ??o & Tu ??o V?
",Realm_02.jpg,"Ki?n ??o V? (Dar?ana-m?rga)
??t ph† tÉm linh: L?n ??u tiàn tr?c nh?n T? Di?u ?? nh? th?t:

Kh? ??: LuÉn h?i lÖ b? kh?.

T?p ??: Tham †i lÖ g?c kh?.

Di?t ??: Di?t †i = Di?t kh?.

??o ??: B†t Ch†nh ??o lÖ con ???ng.

?o?n tr?:

ThÉn ki?n (ch?p ""ta"").

Nghi (hoÖi nghi Ph†p).

Gi?i c?m th? (mà t°n nghi l?).

Qu? v?: Ch?ng S? qu? (D? L?u) ? t?i ?a 7 ki?p n?a gi?i tho†t.

Tu ??o V? (Bh?van?-m?rga)
Cìng phu sÉu: Tiàu tr? vi t? phi?n n?o cïn s¢t:

D?c †i (ham mu?n vi t?).

SÉn.

Vì minh tÖn d?.

ThÖnh t?u:

Kim Cang ??nh (Vajropama-sam?dhi): ??nh l?c kiàn c? nh? kim c??ng, ph† tan m?i l?u ho?c.

Viàn m?n B†t Ch†nh ??o.

Qu? v? cu?i: A-la-h†n (l?u t?n, gi?i tho†t).
BÖi H?c Tr?ng Y?u
Ki?n ??o ? Tu ??o:

Ki?n ??o nh? nhçn th?y ??nh n£i, Tu ??o lÖ leo làn ??nh.

A-la-h†n khìng ph?i ""c?u c†nh"":

Theo ??i Th?a, A-la-h†n c¢ th? h?i tÉm h??ng B? ?? ?? thÖnh B? T†t.

""Th?y Kh? r?i m?i d?t ?i,
Tu? gi†c sinh thç phi?n n?o r?ng!""",3,30,35,28,32,31,29
51,"Thanh V?n Th?a
","Ki?n ??o & Tu ??o V?
",Realm_01.jpg,"Ki?n ??o V? (Dar?ana-m?rga)
??t ph† tÉm linh: L?n ??u tiàn tr?c nh?n T? Di?u ?? nh? th?t:

Kh? ??: LuÉn h?i lÖ b? kh?.

T?p ??: Tham †i lÖ g?c kh?.

Di?t ??: Di?t †i = Di?t kh?.

??o ??: B†t Ch†nh ??o lÖ con ???ng.

?o?n tr?:

ThÉn ki?n (ch?p ""ta"").

Nghi (hoÖi nghi Ph†p).

Gi?i c?m th? (mà t°n nghi l?).

Qu? v?: Ch?ng S? qu? (D? L?u) ? t?i ?a 7 ki?p n?a gi?i tho†t.

Tu ??o V? (Bh?van?-m?rga)
Cìng phu sÉu: Tiàu tr? vi t? phi?n n?o cïn s¢t:

D?c †i (ham mu?n vi t?).

SÉn.

Vì minh tÖn d?.

ThÖnh t?u:

Kim Cang ??nh (Vajropama-sam?dhi): ??nh l?c kiàn c? nh? kim c??ng, ph† tan m?i l?u ho?c.

Viàn m?n B†t Ch†nh ??o.

Qu? v? cu?i: A-la-h†n (l?u t?n, gi?i tho†t).
BÖi H?c Tr?ng Y?u
Ki?n ??o ? Tu ??o:

Ki?n ??o nh? nhçn th?y ??nh n£i, Tu ??o lÖ leo làn ??nh.

A-la-h†n khìng ph?i ""c?u c†nh"":

Theo ??i Th?a, A-la-h†n c¢ th? h?i tÉm h??ng B? ?? ?? thÖnh B? T†t.

""Th?y Kh? r?i m?i d?t ?i,
Tu? gi†c sinh thç phi?n n?o r?ng!""",3,30,35,28,32,31,29
52,"Thanh V?n Th?a
","Ki?n ??o & Tu ??o V?
",Realm_02.jpg,"Ki?n ??o V? (Dar?ana-m?rga)
??t ph† tÉm linh: L?n ??u tiàn tr?c nh?n T? Di?u ?? nh? th?t:

Kh? ??: LuÉn h?i lÖ b? kh?.

T?p ??: Tham †i lÖ g?c kh?.

Di?t ??: Di?t †i = Di?t kh?.

??o ??: B†t Ch†nh ??o lÖ con ???ng.

?o?n tr?:

ThÉn ki?n (ch?p ""ta"").

Nghi (hoÖi nghi Ph†p).

Gi?i c?m th? (mà t°n nghi l?).

Qu? v?: Ch?ng S? qu? (D? L?u) ? t?i ?a 7 ki?p n?a gi?i tho†t.

Tu ??o V? (Bh?van?-m?rga)
Cìng phu sÉu: Tiàu tr? vi t? phi?n n?o cïn s¢t:

D?c †i (ham mu?n vi t?).

SÉn.

Vì minh tÖn d?.

ThÖnh t?u:

Kim Cang ??nh (Vajropama-sam?dhi): ??nh l?c kiàn c? nh? kim c??ng, ph† tan m?i l?u ho?c.

Viàn m?n B†t Ch†nh ??o.

Qu? v? cu?i: A-la-h†n (l?u t?n, gi?i tho†t).
BÖi H?c Tr?ng Y?u
Ki?n ??o ? Tu ??o:

Ki?n ??o nh? nhçn th?y ??nh n£i, Tu ??o lÖ leo làn ??nh.

A-la-h†n khìng ph?i ""c?u c†nh"":

Theo ??i Th?a, A-la-h†n c¢ th? h?i tÉm h??ng B? ?? ?? thÖnh B? T†t.

""Th?y Kh? r?i m?i d?t ?i,
Tu? gi†c sinh thç phi?n n?o r?ng!""",3,30,35,28,32,31,29
53,"Thanh V?n Th?a
","Ki?n ??o & Tu ??o V?
",Realm_01.jpg,"Ki?n ??o V? (Dar?ana-m?rga)
??t ph† tÉm linh: L?n ??u tiàn tr?c nh?n T? Di?u ?? nh? th?t:

Kh? ??: LuÉn h?i lÖ b? kh?.

T?p ??: Tham †i lÖ g?c kh?.

Di?t ??: Di?t †i = Di?t kh?.

??o ??: B†t Ch†nh ??o lÖ con ???ng.

?o?n tr?:

ThÉn ki?n (ch?p ""ta"").

Nghi (hoÖi nghi Ph†p).

Gi?i c?m th? (mà t°n nghi l?).

Qu? v?: Ch?ng S? qu? (D? L?u) ? t?i ?a 7 ki?p n?a gi?i tho†t.

Tu ??o V? (Bh?van?-m?rga)
Cìng phu sÉu: Tiàu tr? vi t? phi?n n?o cïn s¢t:

D?c †i (ham mu?n vi t?).

SÉn.

Vì minh tÖn d?.

ThÖnh t?u:

Kim Cang ??nh (Vajropama-sam?dhi): ??nh l?c kiàn c? nh? kim c??ng, ph† tan m?i l?u ho?c.

Viàn m?n B†t Ch†nh ??o.

Qu? v? cu?i: A-la-h†n (l?u t?n, gi?i tho†t).
BÖi H?c Tr?ng Y?u
Ki?n ??o ? Tu ??o:

Ki?n ??o nh? nhçn th?y ??nh n£i, Tu ??o lÖ leo làn ??nh.

A-la-h†n khìng ph?i ""c?u c†nh"":

Theo ??i Th?a, A-la-h†n c¢ th? h?i tÉm h??ng B? ?? ?? thÖnh B? T†t.

""Th?y Kh? r?i m?i d?t ?i,
Tu? gi†c sinh thç phi?n n?o r?ng!""",3,30,35,28,32,31,29
54,"Thanh V?n Th?a
","Ki?n ??o & Tu ??o V?
",Realm_02.jpg,"Ki?n ??o V? (Dar?ana-m?rga)
??t ph† tÉm linh: L?n ??u tiàn tr?c nh?n T? Di?u ?? nh? th?t:

Kh? ??: LuÉn h?i lÖ b? kh?.

T?p ??: Tham †i lÖ g?c kh?.

Di?t ??: Di?t †i = Di?t kh?.

??o ??: B†t Ch†nh ??o lÖ con ???ng.

?o?n tr?:

ThÉn ki?n (ch?p ""ta"").

Nghi (hoÖi nghi Ph†p).

Gi?i c?m th? (mà t°n nghi l?).

Qu? v?: Ch?ng S? qu? (D? L?u) ? t?i ?a 7 ki?p n?a gi?i tho†t.

Tu ??o V? (Bh?van?-m?rga)
Cìng phu sÉu: Tiàu tr? vi t? phi?n n?o cïn s¢t:

D?c †i (ham mu?n vi t?).

SÉn.

Vì minh tÖn d?.

ThÖnh t?u:

Kim Cang ??nh (Vajropama-sam?dhi): ??nh l?c kiàn c? nh? kim c??ng, ph† tan m?i l?u ho?c.

Viàn m?n B†t Ch†nh ??o.

Qu? v? cu?i: A-la-h†n (l?u t?n, gi?i tho†t).
BÖi H?c Tr?ng Y?u
Ki?n ??o ? Tu ??o:

Ki?n ??o nh? nhçn th?y ??nh n£i, Tu ??o lÖ leo làn ??nh.

A-la-h†n khìng ph?i ""c?u c†nh"":

Theo ??i Th?a, A-la-h†n c¢ th? h?i tÉm h??ng B? ?? ?? thÖnh B? T†t.

""Th?y Kh? r?i m?i d?t ?i,
Tu? gi†c sinh thç phi?n n?o r?ng!""",3,30,35,28,32,31,29
55,"Thanh V?n Th?a
","Ki?n ??o & Tu ??o V?
",Realm_01.jpg,"Ki?n ??o V? (Dar?ana-m?rga)
??t ph† tÉm linh: L?n ??u tiàn tr?c nh?n T? Di?u ?? nh? th?t:

Kh? ??: LuÉn h?i lÖ b? kh?.

T?p ??: Tham †i lÖ g?c kh?.

Di?t ??: Di?t †i = Di?t kh?.

??o ??: B†t Ch†nh ??o lÖ con ???ng.

?o?n tr?:

ThÉn ki?n (ch?p ""ta"").

Nghi (hoÖi nghi Ph†p).

Gi?i c?m th? (mà t°n nghi l?).

Qu? v?: Ch?ng S? qu? (D? L?u) ? t?i ?a 7 ki?p n?a gi?i tho†t.

Tu ??o V? (Bh?van?-m?rga)
Cìng phu sÉu: Tiàu tr? vi t? phi?n n?o cïn s¢t:

D?c †i (ham mu?n vi t?).

SÉn.

Vì minh tÖn d?.

ThÖnh t?u:

Kim Cang ??nh (Vajropama-sam?dhi): ??nh l?c kiàn c? nh? kim c??ng, ph† tan m?i l?u ho?c.

Viàn m?n B†t Ch†nh ??o.

Qu? v? cu?i: A-la-h†n (l?u t?n, gi?i tho†t).
BÖi H?c Tr?ng Y?u
Ki?n ??o ? Tu ??o:

Ki?n ??o nh? nhçn th?y ??nh n£i, Tu ??o lÖ leo làn ??nh.

A-la-h†n khìng ph?i ""c?u c†nh"":

Theo ??i Th?a, A-la-h†n c¢ th? h?i tÉm h??ng B? ?? ?? thÖnh B? T†t.

""Th?y Kh? r?i m?i d?t ?i,
Tu? gi†c sinh thç phi?n n?o r?ng!""",3,30,35,28,32,31,29
56,"Thanh V?n Th?a
","Ki?n ??o & Tu ??o V?
",Realm_02.jpg,"Ki?n ??o V? (Dar?ana-m?rga)
??t ph† tÉm linh: L?n ??u tiàn tr?c nh?n T? Di?u ?? nh? th?t:

Kh? ??: LuÉn h?i lÖ b? kh?.

T?p ??: Tham †i lÖ g?c kh?.

Di?t ??: Di?t †i = Di?t kh?.

??o ??: B†t Ch†nh ??o lÖ con ???ng.

?o?n tr?:

ThÉn ki?n (ch?p ""ta"").

Nghi (hoÖi nghi Ph†p).

Gi?i c?m th? (mà t°n nghi l?).

Qu? v?: Ch?ng S? qu? (D? L?u) ? t?i ?a 7 ki?p n?a gi?i tho†t.

Tu ??o V? (Bh?van?-m?rga)
Cìng phu sÉu: Tiàu tr? vi t? phi?n n?o cïn s¢t:

D?c †i (ham mu?n vi t?).

SÉn.

Vì minh tÖn d?.

ThÖnh t?u:

Kim Cang ??nh (Vajropama-sam?dhi): ??nh l?c kiàn c? nh? kim c??ng, ph† tan m?i l?u ho?c.

Viàn m?n B†t Ch†nh ??o.

Qu? v? cu?i: A-la-h†n (l?u t?n, gi?i tho†t).
BÖi H?c Tr?ng Y?u
Ki?n ??o ? Tu ??o:

Ki?n ??o nh? nhçn th?y ??nh n£i, Tu ??o lÖ leo làn ??nh.

A-la-h†n khìng ph?i ""c?u c†nh"":

Theo ??i Th?a, A-la-h†n c¢ th? h?i tÉm h??ng B? ?? ?? thÖnh B? T†t.

""Th?y Kh? r?i m?i d?t ?i,
Tu? gi†c sinh thç phi?n n?o r?ng!""",3,30,35,28,32,31,29
57,"Thanh V?n Th?a
","Ki?n ??o & Tu ??o V?
",Realm_01.jpg,"Ki?n ??o V? (Dar?ana-m?rga)
??t ph† tÉm linh: L?n ??u tiàn tr?c nh?n T? Di?u ?? nh? th?t:

Kh? ??: LuÉn h?i lÖ b? kh?.

T?p ??: Tham †i lÖ g?c kh?.

Di?t ??: Di?t †i = Di?t kh?.

??o ??: B†t Ch†nh ??o lÖ con ???ng.

?o?n tr?:

ThÉn ki?n (ch?p ""ta"").

Nghi (hoÖi nghi Ph†p).

Gi?i c?m th? (mà t°n nghi l?).

Qu? v?: Ch?ng S? qu? (D? L?u) ? t?i ?a 7 ki?p n?a gi?i tho†t.

Tu ??o V? (Bh?van?-m?rga)
Cìng phu sÉu: Tiàu tr? vi t? phi?n n?o cïn s¢t:

D?c †i (ham mu?n vi t?).

SÉn.

Vì minh tÖn d?.

ThÖnh t?u:

Kim Cang ??nh (Vajropama-sam?dhi): ??nh l?c kiàn c? nh? kim c??ng, ph† tan m?i l?u ho?c.

Viàn m?n B†t Ch†nh ??o.

Qu? v? cu?i: A-la-h†n (l?u t?n, gi?i tho†t).
BÖi H?c Tr?ng Y?u
Ki?n ??o ? Tu ??o:

Ki?n ??o nh? nhçn th?y ??nh n£i, Tu ??o lÖ leo làn ??nh.

A-la-h†n khìng ph?i ""c?u c†nh"":

Theo ??i Th?a, A-la-h†n c¢ th? h?i tÉm h??ng B? ?? ?? thÖnh B? T†t.

""Th?y Kh? r?i m?i d?t ?i,
Tu? gi†c sinh thç phi?n n?o r?ng!""",3,30,35,28,32,31,29
58,"Thanh V?n Th?a
","Ki?n ??o & Tu ??o V?
",Realm_02.jpg,"Ki?n ??o V? (Dar?ana-m?rga)
??t ph† tÉm linh: L?n ??u tiàn tr?c nh?n T? Di?u ?? nh? th?t:

Kh? ??: LuÉn h?i lÖ b? kh?.

T?p ??: Tham †i lÖ g?c kh?.

Di?t ??: Di?t †i = Di?t kh?.

??o ??: B†t Ch†nh ??o lÖ con ???ng.

?o?n tr?:

ThÉn ki?n (ch?p ""ta"").

Nghi (hoÖi nghi Ph†p).

Gi?i c?m th? (mà t°n nghi l?).

Qu? v?: Ch?ng S? qu? (D? L?u) ? t?i ?a 7 ki?p n?a gi?i tho†t.

Tu ??o V? (Bh?van?-m?rga)
Cìng phu sÉu: Tiàu tr? vi t? phi?n n?o cïn s¢t:

D?c †i (ham mu?n vi t?).

SÉn.

Vì minh tÖn d?.

ThÖnh t?u:

Kim Cang ??nh (Vajropama-sam?dhi): ??nh l?c kiàn c? nh? kim c??ng, ph† tan m?i l?u ho?c.

Viàn m?n B†t Ch†nh ??o.

Qu? v? cu?i: A-la-h†n (l?u t?n, gi?i tho†t).
BÖi H?c Tr?ng Y?u
Ki?n ??o ? Tu ??o:

Ki?n ??o nh? nhçn th?y ??nh n£i, Tu ??o lÖ leo làn ??nh.

A-la-h†n khìng ph?i ""c?u c†nh"":

Theo ??i Th?a, A-la-h†n c¢ th? h?i tÉm h??ng B? ?? ?? thÖnh B? T†t.

""Th?y Kh? r?i m?i d?t ?i,
Tu? gi†c sinh thç phi?n n?o r?ng!""",3,30,35,28,32,31,29
59,"Thanh V?n Th?a
","Ki?n ??o & Tu ??o V?
",Realm_01.jpg,"Ki?n ??o V? (Dar?ana-m?rga)
??t ph† tÉm linh: L?n ??u tiàn tr?c nh?n T? Di?u ?? nh? th?t:

Kh? ??: LuÉn h?i lÖ b? kh?.

T?p ??: Tham †i lÖ g?c kh?.

Di?t ??: Di?t †i = Di?t kh?.

??o ??: B†t Ch†nh ??o lÖ con ???ng.

?o?n tr?:

ThÉn ki?n (ch?p ""ta"").

Nghi (hoÖi nghi Ph†p).

Gi?i c?m th? (mà t°n nghi l?).

Qu? v?: Ch?ng S? qu? (D? L?u) ? t?i ?a 7 ki?p n?a gi?i tho†t.

Tu ??o V? (Bh?van?-m?rga)
Cìng phu sÉu: Tiàu tr? vi t? phi?n n?o cïn s¢t:

D?c †i (ham mu?n vi t?).

SÉn.

Vì minh tÖn d?.

ThÖnh t?u:

Kim Cang ??nh (Vajropama-sam?dhi): ??nh l?c kiàn c? nh? kim c??ng, ph† tan m?i l?u ho?c.

Viàn m?n B†t Ch†nh ??o.

Qu? v? cu?i: A-la-h†n (l?u t?n, gi?i tho†t).
BÖi H?c Tr?ng Y?u
Ki?n ??o ? Tu ??o:

Ki?n ??o nh? nhçn th?y ??nh n£i, Tu ??o lÖ leo làn ??nh.

A-la-h†n khìng ph?i ""c?u c†nh"":

Theo ??i Th?a, A-la-h†n c¢ th? h?i tÉm h??ng B? ?? ?? thÖnh B? T†t.

""Th?y Kh? r?i m?i d?t ?i,
Tu? gi†c sinh thç phi?n n?o r?ng!""",3,30,35,28,32,31,29
60,"Thanh V?n Th?a
","Ki?n ??o & Tu ??o V?
",Realm_02.jpg,"Ki?n ??o V? (Dar?ana-m?rga)
??t ph† tÉm linh: L?n ??u tiàn tr?c nh?n T? Di?u ?? nh? th?t:

Kh? ??: LuÉn h?i lÖ b? kh?.

T?p ??: Tham †i lÖ g?c kh?.

Di?t ??: Di?t †i = Di?t kh?.

??o ??: B†t Ch†nh ??o lÖ con ???ng.

?o?n tr?:

ThÉn ki?n (ch?p ""ta"").

Nghi (hoÖi nghi Ph†p).

Gi?i c?m th? (mà t°n nghi l?).

Qu? v?: Ch?ng S? qu? (D? L?u) ? t?i ?a 7 ki?p n?a gi?i tho†t.

Tu ??o V? (Bh?van?-m?rga)
Cìng phu sÉu: Tiàu tr? vi t? phi?n n?o cïn s¢t:

D?c †i (ham mu?n vi t?).

SÉn.

Vì minh tÖn d?.

ThÖnh t?u:

Kim Cang ??nh (Vajropama-sam?dhi): ??nh l?c kiàn c? nh? kim c??ng, ph† tan m?i l?u ho?c.

Viàn m?n B†t Ch†nh ??o.

Qu? v? cu?i: A-la-h†n (l?u t?n, gi?i tho†t).
BÖi H?c Tr?ng Y?u
Ki?n ??o ? Tu ??o:

Ki?n ??o nh? nhçn th?y ??nh n£i, Tu ??o lÖ leo làn ??nh.

A-la-h†n khìng ph?i ""c?u c†nh"":

Theo ??i Th?a, A-la-h†n c¢ th? h?i tÉm h??ng B? ?? ?? thÖnh B? T†t.

""Th?y Kh? r?i m?i d?t ?i,
Tu? gi†c sinh thç phi?n n?o r?ng!""",3,30,35,28,32,31,29
61,"Thanh V?n Th?a
","Ki?n ??o & Tu ??o V?
",Realm_01.jpg,"Ki?n ??o V? (Dar?ana-m?rga)
??t ph† tÉm linh: L?n ??u tiàn tr?c nh?n T? Di?u ?? nh? th?t:

Kh? ??: LuÉn h?i lÖ b? kh?.

T?p ??: Tham †i lÖ g?c kh?.

Di?t ??: Di?t †i = Di?t kh?.

??o ??: B†t Ch†nh ??o lÖ con ???ng.

?o?n tr?:

ThÉn ki?n (ch?p ""ta"").

Nghi (hoÖi nghi Ph†p).

Gi?i c?m th? (mà t°n nghi l?).

Qu? v?: Ch?ng S? qu? (D? L?u) ? t?i ?a 7 ki?p n?a gi?i tho†t.

Tu ??o V? (Bh?van?-m?rga)
Cìng phu sÉu: Tiàu tr? vi t? phi?n n?o cïn s¢t:

D?c †i (ham mu?n vi t?).

SÉn.

Vì minh tÖn d?.

ThÖnh t?u:

Kim Cang ??nh (Vajropama-sam?dhi): ??nh l?c kiàn c? nh? kim c??ng, ph† tan m?i l?u ho?c.

Viàn m?n B†t Ch†nh ??o.

Qu? v? cu?i: A-la-h†n (l?u t?n, gi?i tho†t).
BÖi H?c Tr?ng Y?u
Ki?n ??o ? Tu ??o:

Ki?n ??o nh? nhçn th?y ??nh n£i, Tu ??o lÖ leo làn ??nh.

A-la-h†n khìng ph?i ""c?u c†nh"":

Theo ??i Th?a, A-la-h†n c¢ th? h?i tÉm h??ng B? ?? ?? thÖnh B? T†t.

""Th?y Kh? r?i m?i d?t ?i,
Tu? gi†c sinh thç phi?n n?o r?ng!""",3,30,35,28,32,31,29
62,"Thanh V?n Th?a
","Ki?n ??o & Tu ??o V?
",Realm_02.jpg,"Ki?n ??o V? (Dar?ana-m?rga)
??t ph† tÉm linh: L?n ??u tiàn tr?c nh?n T? Di?u ?? nh? th?t:

Kh? ??: LuÉn h?i lÖ b? kh?.

T?p ??: Tham †i lÖ g?c kh?.

Di?t ??: Di?t †i = Di?t kh?.

??o ??: B†t Ch†nh ??o lÖ con ???ng.

?o?n tr?:

ThÉn ki?n (ch?p ""ta"").

Nghi (hoÖi nghi Ph†p).

Gi?i c?m th? (mà t°n nghi l?).

Qu? v?: Ch?ng S? qu? (D? L?u) ? t?i ?a 7 ki?p n?a gi?i tho†t.

Tu ??o V? (Bh?van?-m?rga)
Cìng phu sÉu: Tiàu tr? vi t? phi?n n?o cïn s¢t:

D?c †i (ham mu?n vi t?).

SÉn.

Vì minh tÖn d?.

ThÖnh t?u:

Kim Cang ??nh (Vajropama-sam?dhi): ??nh l?c kiàn c? nh? kim c??ng, ph† tan m?i l?u ho?c.

Viàn m?n B†t Ch†nh ??o.

Qu? v? cu?i: A-la-h†n (l?u t?n, gi?i tho†t).
BÖi H?c Tr?ng Y?u
Ki?n ??o ? Tu ??o:

Ki?n ??o nh? nhçn th?y ??nh n£i, Tu ??o lÖ leo làn ??nh.

A-la-h†n khìng ph?i ""c?u c†nh"":

Theo ??i Th?a, A-la-h†n c¢ th? h?i tÉm h??ng B? ?? ?? thÖnh B? T†t.

""Th?y Kh? r?i m?i d?t ?i,
Tu? gi†c sinh thç phi?n n?o r?ng!""",3,30,35,28,32,31,29
63,"Thanh V?n Th?a
","Ki?n ??o & Tu ??o V?
",Realm_01.jpg,"Ki?n ??o V? (Dar?ana-m?rga)
??t ph† tÉm linh: L?n ??u tiàn tr?c nh?n T? Di?u ?? nh? th?t:

Kh? ??: LuÉn h?i lÖ b? kh?.

T?p ??: Tham †i lÖ g?c kh?.

Di?t ??: Di?t †i = Di?t kh?.

??o ??: B†t Ch†nh ??o lÖ con ???ng.

?o?n tr?:

ThÉn ki?n (ch?p ""ta"").

Nghi (hoÖi nghi Ph†p).

Gi?i c?m th? (mà t°n nghi l?).

Qu? v?: Ch?ng S? qu? (D? L?u) ? t?i ?a 7 ki?p n?a gi?i tho†t.

Tu ??o V? (Bh?van?-m?rga)
Cìng phu sÉu: Tiàu tr? vi t? phi?n n?o cïn s¢t:

D?c †i (ham mu?n vi t?).

SÉn.

Vì minh tÖn d?.

ThÖnh t?u:

Kim Cang ??nh (Vajropama-sam?dhi): ??nh l?c kiàn c? nh? kim c??ng, ph† tan m?i l?u ho?c.

Viàn m?n B†t Ch†nh ??o.

Qu? v? cu?i: A-la-h†n (l?u t?n, gi?i tho†t).
BÖi H?c Tr?ng Y?u
Ki?n ??o ? Tu ??o:

Ki?n ??o nh? nhçn th?y ??nh n£i, Tu ??o lÖ leo làn ??nh.

A-la-h†n khìng ph?i ""c?u c†nh"":

Theo ??i Th?a, A-la-h†n c¢ th? h?i tÉm h??ng B? ?? ?? thÖnh B? T†t.

""Th?y Kh? r?i m?i d?t ?i,
Tu? gi†c sinh thç phi?n n?o r?ng!""",3,30,35,28,32,31,29
64,"Thanh V?n Th?a
","Ki?n ??o & Tu ??o V?
",Realm_02.jpg,"Ki?n ??o V? (Dar?ana-m?rga)
??t ph† tÉm linh: L?n ??u tiàn tr?c nh?n T? Di?u ?? nh? th?t:

Kh? ??: LuÉn h?i lÖ b? kh?.

T?p ??: Tham †i lÖ g?c kh?.

Di?t ??: Di?t †i = Di?t kh?.

??o ??: B†t Ch†nh ??o lÖ con ???ng.

?o?n tr?:

ThÉn ki?n (ch?p ""ta"").

Nghi (hoÖi nghi Ph†p).

Gi?i c?m th? (mà t°n nghi l?).

Qu? v?: Ch?ng S? qu? (D? L?u) ? t?i ?a 7 ki?p n?a gi?i tho†t.

Tu ??o V? (Bh?van?-m?rga)
Cìng phu sÉu: Tiàu tr? vi t? phi?n n?o cïn s¢t:

D?c †i (ham mu?n vi t?).

SÉn.

Vì minh tÖn d?.

ThÖnh t?u:

Kim Cang ??nh (Vajropama-sam?dhi): ??nh l?c kiàn c? nh? kim c??ng, ph† tan m?i l?u ho?c.

Viàn m?n B†t Ch†nh ??o.

Qu? v? cu?i: A-la-h†n (l?u t?n, gi?i tho†t).
BÖi H?c Tr?ng Y?u
Ki?n ??o ? Tu ??o:

Ki?n ??o nh? nhçn th?y ??nh n£i, Tu ??o lÖ leo làn ??nh.

A-la-h†n khìng ph?i ""c?u c†nh"":

Theo ??i Th?a, A-la-h†n c¢ th? h?i tÉm h??ng B? ?? ?? thÖnh B? T†t.

""Th?y Kh? r?i m?i d?t ?i,
Tu? gi†c sinh thç phi?n n?o r?ng!""",3,30,35,28,32,31,29
65,"Thanh V?n Th?a
","Ki?n ??o & Tu ??o V?
",Realm_01.jpg,"Ki?n ??o V? (Dar?ana-m?rga)
??t ph† tÉm linh: L?n ??u tiàn tr?c nh?n T? Di?u ?? nh? th?t:

Kh? ??: LuÉn h?i lÖ b? kh?.

T?p ??: Tham †i lÖ g?c kh?.

Di?t ??: Di?t †i = Di?t kh?.

??o ??: B†t Ch†nh ??o lÖ con ???ng.

?o?n tr?:

ThÉn ki?n (ch?p ""ta"").

Nghi (hoÖi nghi Ph†p).

Gi?i c?m th? (mà t°n nghi l?).

Qu? v?: Ch?ng S? qu? (D? L?u) ? t?i ?a 7 ki?p n?a gi?i tho†t.

Tu ??o V? (Bh?van?-m?rga)
Cìng phu sÉu: Tiàu tr? vi t? phi?n n?o cïn s¢t:

D?c †i (ham mu?n vi t?).

SÉn.

Vì minh tÖn d?.

ThÖnh t?u:

Kim Cang ??nh (Vajropama-sam?dhi): ??nh l?c kiàn c? nh? kim c??ng, ph† tan m?i l?u ho?c.

Viàn m?n B†t Ch†nh ??o.

Qu? v? cu?i: A-la-h†n (l?u t?n, gi?i tho†t).
BÖi H?c Tr?ng Y?u
Ki?n ??o ? Tu ??o:

Ki?n ??o nh? nhçn th?y ??nh n£i, Tu ??o lÖ leo làn ??nh.

A-la-h†n khìng ph?i ""c?u c†nh"":

Theo ??i Th?a, A-la-h†n c¢ th? h?i tÉm h??ng B? ?? ?? thÖnh B? T†t.

""Th?y Kh? r?i m?i d?t ?i,
Tu? gi†c sinh thç phi?n n?o r?ng!""",3,30,35,28,32,31,29
66,"Thanh V?n Th?a
","Ki?n ??o & Tu ??o V?
",Realm_02.jpg,"Ki?n ??o V? (Dar?ana-m?rga)
??t ph† tÉm linh: L?n ??u tiàn tr?c nh?n T? Di?u ?? nh? th?t:

Kh? ??: LuÉn h?i lÖ b? kh?.

T?p ??: Tham †i lÖ g?c kh?.

Di?t ??: Di?t †i = Di?t kh?.

??o ??: B†t Ch†nh ??o lÖ con ???ng.

?o?n tr?:

ThÉn ki?n (ch?p ""ta"").

Nghi (hoÖi nghi Ph†p).

Gi?i c?m th? (mà t°n nghi l?).

Qu? v?: Ch?ng S? qu? (D? L?u) ? t?i ?a 7 ki?p n?a gi?i tho†t.

Tu ??o V? (Bh?van?-m?rga)
Cìng phu sÉu: Tiàu tr? vi t? phi?n n?o cïn s¢t:

D?c †i (ham mu?n vi t?).

SÉn.

Vì minh tÖn d?.

ThÖnh t?u:

Kim Cang ??nh (Vajropama-sam?dhi): ??nh l?c kiàn c? nh? kim c??ng, ph† tan m?i l?u ho?c.

Viàn m?n B†t Ch†nh ??o.

Qu? v? cu?i: A-la-h†n (l?u t?n, gi?i tho†t).
BÖi H?c Tr?ng Y?u
Ki?n ??o ? Tu ??o:

Ki?n ??o nh? nhçn th?y ??nh n£i, Tu ??o lÖ leo làn ??nh.

A-la-h†n khìng ph?i ""c?u c†nh"":

Theo ??i Th?a, A-la-h†n c¢ th? h?i tÉm h??ng B? ?? ?? thÖnh B? T†t.

""Th?y Kh? r?i m?i d?t ?i,
Tu? gi†c sinh thç phi?n n?o r?ng!""",3,30,35,28,32,31,29
67,"Thanh V?n Th?a
","Ki?n ??o & Tu ??o V?
",Realm_01.jpg,"Ki?n ??o V? (Dar?ana-m?rga)
??t ph† tÉm linh: L?n ??u tiàn tr?c nh?n T? Di?u ?? nh? th?t:

Kh? ??: LuÉn h?i lÖ b? kh?.

T?p ??: Tham †i lÖ g?c kh?.

Di?t ??: Di?t †i = Di?t kh?.

??o ??: B†t Ch†nh ??o lÖ con ???ng.

?o?n tr?:

ThÉn ki?n (ch?p ""ta"").

Nghi (hoÖi nghi Ph†p).

Gi?i c?m th? (mà t°n nghi l?).

Qu? v?: Ch?ng S? qu? (D? L?u) ? t?i ?a 7 ki?p n?a gi?i tho†t.

Tu ??o V? (Bh?van?-m?rga)
Cìng phu sÉu: Tiàu tr? vi t? phi?n n?o cïn s¢t:

D?c †i (ham mu?n vi t?).

SÉn.

Vì minh tÖn d?.

ThÖnh t?u:

Kim Cang ??nh (Vajropama-sam?dhi): ??nh l?c kiàn c? nh? kim c??ng, ph† tan m?i l?u ho?c.

Viàn m?n B†t Ch†nh ??o.

Qu? v? cu?i: A-la-h†n (l?u t?n, gi?i tho†t).
BÖi H?c Tr?ng Y?u
Ki?n ??o ? Tu ??o:

Ki?n ??o nh? nhçn th?y ??nh n£i, Tu ??o lÖ leo làn ??nh.

A-la-h†n khìng ph?i ""c?u c†nh"":

Theo ??i Th?a, A-la-h†n c¢ th? h?i tÉm h??ng B? ?? ?? thÖnh B? T†t.

""Th?y Kh? r?i m?i d?t ?i,
Tu? gi†c sinh thç phi?n n?o r?ng!""",3,30,35,28,32,31,29
68,"Thanh V?n Th?a
","Ki?n ??o & Tu ??o V?
",Realm_02.jpg,"Ki?n ??o V? (Dar?ana-m?rga)
??t ph† tÉm linh: L?n ??u tiàn tr?c nh?n T? Di?u ?? nh? th?t:

Kh? ??: LuÉn h?i lÖ b? kh?.

T?p ??: Tham †i lÖ g?c kh?.

Di?t ??: Di?t †i = Di?t kh?.

??o ??: B†t Ch†nh ??o lÖ con ???ng.

?o?n tr?:

ThÉn ki?n (ch?p ""ta"").

Nghi (hoÖi nghi Ph†p).

Gi?i c?m th? (mà t°n nghi l?).

Qu? v?: Ch?ng S? qu? (D? L?u) ? t?i ?a 7 ki?p n?a gi?i tho†t.

Tu ??o V? (Bh?van?-m?rga)
Cìng phu sÉu: Tiàu tr? vi t? phi?n n?o cïn s¢t:

D?c †i (ham mu?n vi t?).

SÉn.

Vì minh tÖn d?.

ThÖnh t?u:

Kim Cang ??nh (Vajropama-sam?dhi): ??nh l?c kiàn c? nh? kim c??ng, ph† tan m?i l?u ho?c.

Viàn m?n B†t Ch†nh ??o.

Qu? v? cu?i: A-la-h†n (l?u t?n, gi?i tho†t).
BÖi H?c Tr?ng Y?u
Ki?n ??o ? Tu ??o:

Ki?n ??o nh? nhçn th?y ??nh n£i, Tu ??o lÖ leo làn ??nh.

A-la-h†n khìng ph?i ""c?u c†nh"":

Theo ??i Th?a, A-la-h†n c¢ th? h?i tÉm h??ng B? ?? ?? thÖnh B? T†t.

""Th?y Kh? r?i m?i d?t ?i,
Tu? gi†c sinh thç phi?n n?o r?ng!""",3,30,35,28,32,31,29
69,"Thanh V?n Th?a
","Ki?n ??o & Tu ??o V?
",Realm_01.jpg,"Ki?n ??o V? (Dar?ana-m?rga)
??t ph† tÉm linh: L?n ??u tiàn tr?c nh?n T? Di?u ?? nh? th?t:

Kh? ??: LuÉn h?i lÖ b? kh?.

T?p ??: Tham †i lÖ g?c kh?.

Di?t ??: Di?t †i = Di?t kh?.

??o ??: B†t Ch†nh ??o lÖ con ???ng.

?o?n tr?:

ThÉn ki?n (ch?p ""ta"").

Nghi (hoÖi nghi Ph†p).

Gi?i c?m th? (mà t°n nghi l?).

Qu? v?: Ch?ng S? qu? (D? L?u) ? t?i ?a 7 ki?p n?a gi?i tho†t.

Tu ??o V? (Bh?van?-m?rga)
Cìng phu sÉu: Tiàu tr? vi t? phi?n n?o cïn s¢t:

D?c †i (ham mu?n vi t?).

SÉn.

Vì minh tÖn d?.

ThÖnh t?u:

Kim Cang ??nh (Vajropama-sam?dhi): ??nh l?c kiàn c? nh? kim c??ng, ph† tan m?i l?u ho?c.

Viàn m?n B†t Ch†nh ??o.

Qu? v? cu?i: A-la-h†n (l?u t?n, gi?i tho†t).
BÖi H?c Tr?ng Y?u
Ki?n ??o ? Tu ??o:

Ki?n ??o nh? nhçn th?y ??nh n£i, Tu ??o lÖ leo làn ??nh.

A-la-h†n khìng ph?i ""c?u c†nh"":

Theo ??i Th?a, A-la-h†n c¢ th? h?i tÉm h??ng B? ?? ?? thÖnh B? T†t.

""Th?y Kh? r?i m?i d?t ?i,
Tu? gi†c sinh thç phi?n n?o r?ng!""",3,30,35,28,32,31,29
70,"Thanh V?n Th?a
","Ki?n ??o & Tu ??o V?
",Realm_02.jpg,"Ki?n ??o V? (Dar?ana-m?rga)
??t ph† tÉm linh: L?n ??u tiàn tr?c nh?n T? Di?u ?? nh? th?t:

Kh? ??: LuÉn h?i lÖ b? kh?.

T?p ??: Tham †i lÖ g?c kh?.

Di?t ??: Di?t †i = Di?t kh?.

??o ??: B†t Ch†nh ??o lÖ con ???ng.

?o?n tr?:

ThÉn ki?n (ch?p ""ta"").

Nghi (hoÖi nghi Ph†p).

Gi?i c?m th? (mà t°n nghi l?).

Qu? v?: Ch?ng S? qu? (D? L?u) ? t?i ?a 7 ki?p n?a gi?i tho†t.

Tu ??o V? (Bh?van?-m?rga)
Cìng phu sÉu: Tiàu tr? vi t? phi?n n?o cïn s¢t:

D?c †i (ham mu?n vi t?).

SÉn.

Vì minh tÖn d?.

ThÖnh t?u:

Kim Cang ??nh (Vajropama-sam?dhi): ??nh l?c kiàn c? nh? kim c??ng, ph† tan m?i l?u ho?c.

Viàn m?n B†t Ch†nh ??o.

Qu? v? cu?i: A-la-h†n (l?u t?n, gi?i tho†t).
BÖi H?c Tr?ng Y?u
Ki?n ??o ? Tu ??o:

Ki?n ??o nh? nhçn th?y ??nh n£i, Tu ??o lÖ leo làn ??nh.

A-la-h†n khìng ph?i ""c?u c†nh"":

Theo ??i Th?a, A-la-h†n c¢ th? h?i tÉm h??ng B? ?? ?? thÖnh B? T†t.

""Th?y Kh? r?i m?i d?t ?i,
Tu? gi†c sinh thç phi?n n?o r?ng!""",3,30,35,28,32,31,29
71,"Thanh V?n Th?a
","Ki?n ??o & Tu ??o V?
",Realm_01.jpg,"Ki?n ??o V? (Dar?ana-m?rga)
??t ph† tÉm linh: L?n ??u tiàn tr?c nh?n T? Di?u ?? nh? th?t:

Kh? ??: LuÉn h?i lÖ b? kh?.

T?p ??: Tham †i lÖ g?c kh?.

Di?t ??: Di?t †i = Di?t kh?.

??o ??: B†t Ch†nh ??o lÖ con ???ng.

?o?n tr?:

ThÉn ki?n (ch?p ""ta"").

Nghi (hoÖi nghi Ph†p).

Gi?i c?m th? (mà t°n nghi l?).

Qu? v?: Ch?ng S? qu? (D? L?u) ? t?i ?a 7 ki?p n?a gi?i tho†t.

Tu ??o V? (Bh?van?-m?rga)
Cìng phu sÉu: Tiàu tr? vi t? phi?n n?o cïn s¢t:

D?c †i (ham mu?n vi t?).

SÉn.

Vì minh tÖn d?.

ThÖnh t?u:

Kim Cang ??nh (Vajropama-sam?dhi): ??nh l?c kiàn c? nh? kim c??ng, ph† tan m?i l?u ho?c.

Viàn m?n B†t Ch†nh ??o.

Qu? v? cu?i: A-la-h†n (l?u t?n, gi?i tho†t).
BÖi H?c Tr?ng Y?u
Ki?n ??o ? Tu ??o:

Ki?n ??o nh? nhçn th?y ??nh n£i, Tu ??o lÖ leo làn ??nh.

A-la-h†n khìng ph?i ""c?u c†nh"":

Theo ??i Th?a, A-la-h†n c¢ th? h?i tÉm h??ng B? ?? ?? thÖnh B? T†t.

""Th?y Kh? r?i m?i d?t ?i,
Tu? gi†c sinh thç phi?n n?o r?ng!""",3,30,35,28,32,31,29
72,"Thanh V?n Th?a
","Ki?n ??o & Tu ??o V?
",Realm_02.jpg,"Ki?n ??o V? (Dar?ana-m?rga)
??t ph† tÉm linh: L?n ??u tiàn tr?c nh?n T? Di?u ?? nh? th?t:

Kh? ??: LuÉn h?i lÖ b? kh?.

T?p ??: Tham †i lÖ g?c kh?.

Di?t ??: Di?t †i = Di?t kh?.

??o ??: B†t Ch†nh ??o lÖ con ???ng.

?o?n tr?:

ThÉn ki?n (ch?p ""ta"").

Nghi (hoÖi nghi Ph†p).

Gi?i c?m th? (mà t°n nghi l?).

Qu? v?: Ch?ng S? qu? (D? L?u) ? t?i ?a 7 ki?p n?a gi?i tho†t.

Tu ??o V? (Bh?van?-m?rga)
Cìng phu sÉu: Tiàu tr? vi t? phi?n n?o cïn s¢t:

D?c †i (ham mu?n vi t?).

SÉn.

Vì minh tÖn d?.

ThÖnh t?u:

Kim Cang ??nh (Vajropama-sam?dhi): ??nh l?c kiàn c? nh? kim c??ng, ph† tan m?i l?u ho?c.

Viàn m?n B†t Ch†nh ??o.

Qu? v? cu?i: A-la-h†n (l?u t?n, gi?i tho†t).
BÖi H?c Tr?ng Y?u
Ki?n ??o ? Tu ??o:

Ki?n ??o nh? nhçn th?y ??nh n£i, Tu ??o lÖ leo làn ??nh.

A-la-h†n khìng ph?i ""c?u c†nh"":

Theo ??i Th?a, A-la-h†n c¢ th? h?i tÉm h??ng B? ?? ?? thÖnh B? T†t.

""Th?y Kh? r?i m?i d?t ?i,
Tu? gi†c sinh thç phi?n n?o r?ng!""",3,30,35,28,32,31,29
73,"Thanh V?n Th?a
","Ki?n ??o & Tu ??o V?
",Realm_01.jpg,"Ki?n ??o V? (Dar?ana-m?rga)
??t ph† tÉm linh: L?n ??u tiàn tr?c nh?n T? Di?u ?? nh? th?t:

Kh? ??: LuÉn h?i lÖ b? kh?.

T?p ??: Tham †i lÖ g?c kh?.

Di?t ??: Di?t †i = Di?t kh?.

??o ??: B†t Ch†nh ??o lÖ con ???ng.

?o?n tr?:

ThÉn ki?n (ch?p ""ta"").

Nghi (hoÖi nghi Ph†p).

Gi?i c?m th? (mà t°n nghi l?).

Qu? v?: Ch?ng S? qu? (D? L?u) ? t?i ?a 7 ki?p n?a gi?i tho†t.

Tu ??o V? (Bh?van?-m?rga)
Cìng phu sÉu: Tiàu tr? vi t? phi?n n?o cïn s¢t:

D?c †i (ham mu?n vi t?).

SÉn.

Vì minh tÖn d?.

ThÖnh t?u:

Kim Cang ??nh (Vajropama-sam?dhi): ??nh l?c kiàn c? nh? kim c??ng, ph† tan m?i l?u ho?c.

Viàn m?n B†t Ch†nh ??o.

Qu? v? cu?i: A-la-h†n (l?u t?n, gi?i tho†t).
BÖi H?c Tr?ng Y?u
Ki?n ??o ? Tu ??o:

Ki?n ??o nh? nhçn th?y ??nh n£i, Tu ??o lÖ leo làn ??nh.

A-la-h†n khìng ph?i ""c?u c†nh"":

Theo ??i Th?a, A-la-h†n c¢ th? h?i tÉm h??ng B? ?? ?? thÖnh B? T†t.

""Th?y Kh? r?i m?i d?t ?i,
Tu? gi†c sinh thç phi?n n?o r?ng!""",3,30,35,28,32,31,29
74,"Thanh V?n Th?a
","Ki?n ??o & Tu ??o V?
",Realm_02.jpg,"Ki?n ??o V? (Dar?ana-m?rga)
??t ph† tÉm linh: L?n ??u tiàn tr?c nh?n T? Di?u ?? nh? th?t:

Kh? ??: LuÉn h?i lÖ b? kh?.

T?p ??: Tham †i lÖ g?c kh?.

Di?t ??: Di?t †i = Di?t kh?.

??o ??: B†t Ch†nh ??o lÖ con ???ng.

?o?n tr?:

ThÉn ki?n (ch?p ""ta"").

Nghi (hoÖi nghi Ph†p).

Gi?i c?m th? (mà t°n nghi l?).

Qu? v?: Ch?ng S? qu? (D? L?u) ? t?i ?a 7 ki?p n?a gi?i tho†t.

Tu ??o V? (Bh?van?-m?rga)
Cìng phu sÉu: Tiàu tr? vi t? phi?n n?o cïn s¢t:

D?c †i (ham mu?n vi t?).

SÉn.

Vì minh tÖn d?.

ThÖnh t?u:

Kim Cang ??nh (Vajropama-sam?dhi): ??nh l?c kiàn c? nh? kim c??ng, ph† tan m?i l?u ho?c.

Viàn m?n B†t Ch†nh ??o.

Qu? v? cu?i: A-la-h†n (l?u t?n, gi?i tho†t).
BÖi H?c Tr?ng Y?u
Ki?n ??o ? Tu ??o:

Ki?n ??o nh? nhçn th?y ??nh n£i, Tu ??o lÖ leo làn ??nh.

A-la-h†n khìng ph?i ""c?u c†nh"":

Theo ??i Th?a, A-la-h†n c¢ th? h?i tÉm h??ng B? ?? ?? thÖnh B? T†t.

""Th?y Kh? r?i m?i d?t ?i,
Tu? gi†c sinh thç phi?n n?o r?ng!""",3,30,35,28,32,31,29
75,"Thanh V?n Th?a
","Ki?n ??o & Tu ??o V?
",Realm_01.jpg,"Ki?n ??o V? (Dar?ana-m?rga)
??t ph† tÉm linh: L?n ??u tiàn tr?c nh?n T? Di?u ?? nh? th?t:

Kh? ??: LuÉn h?i lÖ b? kh?.

T?p ??: Tham †i lÖ g?c kh?.

Di?t ??: Di?t †i = Di?t kh?.

??o ??: B†t Ch†nh ??o lÖ con ???ng.

?o?n tr?:

ThÉn ki?n (ch?p ""ta"").

Nghi (hoÖi nghi Ph†p).

Gi?i c?m th? (mà t°n nghi l?).

Qu? v?: Ch?ng S? qu? (D? L?u) ? t?i ?a 7 ki?p n?a gi?i tho†t.

Tu ??o V? (Bh?van?-m?rga)
Cìng phu sÉu: Tiàu tr? vi t? phi?n n?o cïn s¢t:

D?c †i (ham mu?n vi t?).

SÉn.

Vì minh tÖn d?.

ThÖnh t?u:

Kim Cang ??nh (Vajropama-sam?dhi): ??nh l?c kiàn c? nh? kim c??ng, ph† tan m?i l?u ho?c.

Viàn m?n B†t Ch†nh ??o.

Qu? v? cu?i: A-la-h†n (l?u t?n, gi?i tho†t).
BÖi H?c Tr?ng Y?u
Ki?n ??o ? Tu ??o:

Ki?n ??o nh? nhçn th?y ??nh n£i, Tu ??o lÖ leo làn ??nh.

A-la-h†n khìng ph?i ""c?u c†nh"":

Theo ??i Th?a, A-la-h†n c¢ th? h?i tÉm h??ng B? ?? ?? thÖnh B? T†t.

""Th?y Kh? r?i m?i d?t ?i,
Tu? gi†c sinh thç phi?n n?o r?ng!""",3,30,35,28,32,31,29
76,"Thanh V?n Th?a
","Ki?n ??o & Tu ??o V?
",Realm_02.jpg,"Ki?n ??o V? (Dar?ana-m?rga)
??t ph† tÉm linh: L?n ??u tiàn tr?c nh?n T? Di?u ?? nh? th?t:

Kh? ??: LuÉn h?i lÖ b? kh?.

T?p ??: Tham †i lÖ g?c kh?.

Di?t ??: Di?t †i = Di?t kh?.

??o ??: B†t Ch†nh ??o lÖ con ???ng.

?o?n tr?:

ThÉn ki?n (ch?p ""ta"").

Nghi (hoÖi nghi Ph†p).

Gi?i c?m th? (mà t°n nghi l?).

Qu? v?: Ch?ng S? qu? (D? L?u) ? t?i ?a 7 ki?p n?a gi?i tho†t.

Tu ??o V? (Bh?van?-m?rga)
Cìng phu sÉu: Tiàu tr? vi t? phi?n n?o cïn s¢t:

D?c †i (ham mu?n vi t?).

SÉn.

Vì minh tÖn d?.

ThÖnh t?u:

Kim Cang ??nh (Vajropama-sam?dhi): ??nh l?c kiàn c? nh? kim c??ng, ph† tan m?i l?u ho?c.

Viàn m?n B†t Ch†nh ??o.

Qu? v? cu?i: A-la-h†n (l?u t?n, gi?i tho†t).
BÖi H?c Tr?ng Y?u
Ki?n ??o ? Tu ??o:

Ki?n ??o nh? nhçn th?y ??nh n£i, Tu ??o lÖ leo làn ??nh.

A-la-h†n khìng ph?i ""c?u c†nh"":

Theo ??i Th?a, A-la-h†n c¢ th? h?i tÉm h??ng B? ?? ?? thÖnh B? T†t.

""Th?y Kh? r?i m?i d?t ?i,
Tu? gi†c sinh thç phi?n n?o r?ng!""",3,30,35,28,32,31,29
77,"Thanh V?n Th?a
","Ki?n ??o & Tu ??o V?
",Realm_01.jpg,"Ki?n ??o V? (Dar?ana-m?rga)
??t ph† tÉm linh: L?n ??u tiàn tr?c nh?n T? Di?u ?? nh? th?t:

Kh? ??: LuÉn h?i lÖ b? kh?.

T?p ??: Tham †i lÖ g?c kh?.

Di?t ??: Di?t †i = Di?t kh?.

??o ??: B†t Ch†nh ??o lÖ con ???ng.

?o?n tr?:

ThÉn ki?n (ch?p ""ta"").

Nghi (hoÖi nghi Ph†p).

Gi?i c?m th? (mà t°n nghi l?).

Qu? v?: Ch?ng S? qu? (D? L?u) ? t?i ?a 7 ki?p n?a gi?i tho†t.

Tu ??o V? (Bh?van?-m?rga)
Cìng phu sÉu: Tiàu tr? vi t? phi?n n?o cïn s¢t:

D?c †i (ham mu?n vi t?).

SÉn.

Vì minh tÖn d?.

ThÖnh t?u:

Kim Cang ??nh (Vajropama-sam?dhi): ??nh l?c kiàn c? nh? kim c??ng, ph† tan m?i l?u ho?c.

Viàn m?n B†t Ch†nh ??o.

Qu? v? cu?i: A-la-h†n (l?u t?n, gi?i tho†t).
BÖi H?c Tr?ng Y?u
Ki?n ??o ? Tu ??o:

Ki?n ??o nh? nhçn th?y ??nh n£i, Tu ??o lÖ leo làn ??nh.

A-la-h†n khìng ph?i ""c?u c†nh"":

Theo ??i Th?a, A-la-h†n c¢ th? h?i tÉm h??ng B? ?? ?? thÖnh B? T†t.

""Th?y Kh? r?i m?i d?t ?i,
Tu? gi†c sinh thç phi?n n?o r?ng!""",3,30,35,28,32,31,29
78,"Thanh V?n Th?a
","Ki?n ??o & Tu ??o V?
",Realm_02.jpg,"Ki?n ??o V? (Dar?ana-m?rga)
??t ph† tÉm linh: L?n ??u tiàn tr?c nh?n T? Di?u ?? nh? th?t:

Kh? ??: LuÉn h?i lÖ b? kh?.

T?p ??: Tham †i lÖ g?c kh?.

Di?t ??: Di?t †i = Di?t kh?.

??o ??: B†t Ch†nh ??o lÖ con ???ng.

?o?n tr?:

ThÉn ki?n (ch?p ""ta"").

Nghi (hoÖi nghi Ph†p).

Gi?i c?m th? (mà t°n nghi l?).

Qu? v?: Ch?ng S? qu? (D? L?u) ? t?i ?a 7 ki?p n?a gi?i tho†t.

Tu ??o V? (Bh?van?-m?rga)
Cìng phu sÉu: Tiàu tr? vi t? phi?n n?o cïn s¢t:

D?c †i (ham mu?n vi t?).

SÉn.

Vì minh tÖn d?.

ThÖnh t?u:

Kim Cang ??nh (Vajropama-sam?dhi): ??nh l?c kiàn c? nh? kim c??ng, ph† tan m?i l?u ho?c.

Viàn m?n B†t Ch†nh ??o.

Qu? v? cu?i: A-la-h†n (l?u t?n, gi?i tho†t).
BÖi H?c Tr?ng Y?u
Ki?n ??o ? Tu ??o:

Ki?n ??o nh? nhçn th?y ??nh n£i, Tu ??o lÖ leo làn ??nh.

A-la-h†n khìng ph?i ""c?u c†nh"":

Theo ??i Th?a, A-la-h†n c¢ th? h?i tÉm h??ng B? ?? ?? thÖnh B? T†t.

""Th?y Kh? r?i m?i d?t ?i,
Tu? gi†c sinh thç phi?n n?o r?ng!""",3,30,35,28,32,31,29
79,"Thanh V?n Th?a
","Ki?n ??o & Tu ??o V?
",Realm_01.jpg,"Ki?n ??o V? (Dar?ana-m?rga)
??t ph† tÉm linh: L?n ??u tiàn tr?c nh?n T? Di?u ?? nh? th?t:

Kh? ??: LuÉn h?i lÖ b? kh?.

T?p ??: Tham †i lÖ g?c kh?.

Di?t ??: Di?t †i = Di?t kh?.

??o ??: B†t Ch†nh ??o lÖ con ???ng.

?o?n tr?:

ThÉn ki?n (ch?p ""ta"").

Nghi (hoÖi nghi Ph†p).

Gi?i c?m th? (mà t°n nghi l?).

Qu? v?: Ch?ng S? qu? (D? L?u) ? t?i ?a 7 ki?p n?a gi?i tho†t.

Tu ??o V? (Bh?van?-m?rga)
Cìng phu sÉu: Tiàu tr? vi t? phi?n n?o cïn s¢t:

D?c †i (ham mu?n vi t?).

SÉn.

Vì minh tÖn d?.

ThÖnh t?u:

Kim Cang ??nh (Vajropama-sam?dhi): ??nh l?c kiàn c? nh? kim c??ng, ph† tan m?i l?u ho?c.

Viàn m?n B†t Ch†nh ??o.

Qu? v? cu?i: A-la-h†n (l?u t?n, gi?i tho†t).
BÖi H?c Tr?ng Y?u
Ki?n ??o ? Tu ??o:

Ki?n ??o nh? nhçn th?y ??nh n£i, Tu ??o lÖ leo làn ??nh.

A-la-h†n khìng ph?i ""c?u c†nh"":

Theo ??i Th?a, A-la-h†n c¢ th? h?i tÉm h??ng B? ?? ?? thÖnh B? T†t.

""Th?y Kh? r?i m?i d?t ?i,
Tu? gi†c sinh thç phi?n n?o r?ng!""",3,30,35,28,32,31,29
80,"Thanh V?n Th?a
","Ki?n ??o & Tu ??o V?
",Realm_02.jpg,"Ki?n ??o V? (Dar?ana-m?rga)
??t ph† tÉm linh: L?n ??u tiàn tr?c nh?n T? Di?u ?? nh? th?t:

Kh? ??: LuÉn h?i lÖ b? kh?.

T?p ??: Tham †i lÖ g?c kh?.

Di?t ??: Di?t †i = Di?t kh?.

??o ??: B†t Ch†nh ??o lÖ con ???ng.

?o?n tr?:

ThÉn ki?n (ch?p ""ta"").

Nghi (hoÖi nghi Ph†p).

Gi?i c?m th? (mà t°n nghi l?).

Qu? v?: Ch?ng S? qu? (D? L?u) ? t?i ?a 7 ki?p n?a gi?i tho†t.

Tu ??o V? (Bh?van?-m?rga)
Cìng phu sÉu: Tiàu tr? vi t? phi?n n?o cïn s¢t:

D?c †i (ham mu?n vi t?).

SÉn.

Vì minh tÖn d?.

ThÖnh t?u:

Kim Cang ??nh (Vajropama-sam?dhi): ??nh l?c kiàn c? nh? kim c??ng, ph† tan m?i l?u ho?c.

Viàn m?n B†t Ch†nh ??o.

Qu? v? cu?i: A-la-h†n (l?u t?n, gi?i tho†t).
BÖi H?c Tr?ng Y?u
Ki?n ??o ? Tu ??o:

Ki?n ??o nh? nhçn th?y ??nh n£i, Tu ??o lÖ leo làn ??nh.

A-la-h†n khìng ph?i ""c?u c†nh"":

Theo ??i Th?a, A-la-h†n c¢ th? h?i tÉm h??ng B? ?? ?? thÖnh B? T†t.

""Th?y Kh? r?i m?i d?t ?i,
Tu? gi†c sinh thç phi?n n?o r?ng!""",3,30,35,28,32,31,29
81,"Thanh V?n Th?a
","Ki?n ??o & Tu ??o V?
",Realm_01.jpg,"Ki?n ??o V? (Dar?ana-m?rga)
??t ph† tÉm linh: L?n ??u tiàn tr?c nh?n T? Di?u ?? nh? th?t:

Kh? ??: LuÉn h?i lÖ b? kh?.

T?p ??: Tham †i lÖ g?c kh?.

Di?t ??: Di?t †i = Di?t kh?.

??o ??: B†t Ch†nh ??o lÖ con ???ng.

?o?n tr?:

ThÉn ki?n (ch?p ""ta"").

Nghi (hoÖi nghi Ph†p).

Gi?i c?m th? (mà t°n nghi l?).

Qu? v?: Ch?ng S? qu? (D? L?u) ? t?i ?a 7 ki?p n?a gi?i tho†t.

Tu ??o V? (Bh?van?-m?rga)
Cìng phu sÉu: Tiàu tr? vi t? phi?n n?o cïn s¢t:

D?c †i (ham mu?n vi t?).

SÉn.

Vì minh tÖn d?.

ThÖnh t?u:

Kim Cang ??nh (Vajropama-sam?dhi): ??nh l?c kiàn c? nh? kim c??ng, ph† tan m?i l?u ho?c.

Viàn m?n B†t Ch†nh ??o.

Qu? v? cu?i: A-la-h†n (l?u t?n, gi?i tho†t).
BÖi H?c Tr?ng Y?u
Ki?n ??o ? Tu ??o:

Ki?n ??o nh? nhçn th?y ??nh n£i, Tu ??o lÖ leo làn ??nh.

A-la-h†n khìng ph?i ""c?u c†nh"":

Theo ??i Th?a, A-la-h†n c¢ th? h?i tÉm h??ng B? ?? ?? thÖnh B? T†t.

""Th?y Kh? r?i m?i d?t ?i,
Tu? gi†c sinh thç phi?n n?o r?ng!""",3,30,35,28,32,31,29
82,"Thanh V?n Th?a
","Ki?n ??o & Tu ??o V?
",Realm_02.jpg,"Ki?n ??o V? (Dar?ana-m?rga)
??t ph† tÉm linh: L?n ??u tiàn tr?c nh?n T? Di?u ?? nh? th?t:

Kh? ??: LuÉn h?i lÖ b? kh?.

T?p ??: Tham †i lÖ g?c kh?.

Di?t ??: Di?t †i = Di?t kh?.

??o ??: B†t Ch†nh ??o lÖ con ???ng.

?o?n tr?:

ThÉn ki?n (ch?p ""ta"").

Nghi (hoÖi nghi Ph†p).

Gi?i c?m th? (mà t°n nghi l?).

Qu? v?: Ch?ng S? qu? (D? L?u) ? t?i ?a 7 ki?p n?a gi?i tho†t.

Tu ??o V? (Bh?van?-m?rga)
Cìng phu sÉu: Tiàu tr? vi t? phi?n n?o cïn s¢t:

D?c †i (ham mu?n vi t?).

SÉn.

Vì minh tÖn d?.

ThÖnh t?u:

Kim Cang ??nh (Vajropama-sam?dhi): ??nh l?c kiàn c? nh? kim c??ng, ph† tan m?i l?u ho?c.

Viàn m?n B†t Ch†nh ??o.

Qu? v? cu?i: A-la-h†n (l?u t?n, gi?i tho†t).
BÖi H?c Tr?ng Y?u
Ki?n ??o ? Tu ??o:

Ki?n ??o nh? nhçn th?y ??nh n£i, Tu ??o lÖ leo làn ??nh.

A-la-h†n khìng ph?i ""c?u c†nh"":

Theo ??i Th?a, A-la-h†n c¢ th? h?i tÉm h??ng B? ?? ?? thÖnh B? T†t.

""Th?y Kh? r?i m?i d?t ?i,
Tu? gi†c sinh thç phi?n n?o r?ng!""",3,30,35,28,32,31,29
83,"Thanh V?n Th?a
","Ki?n ??o & Tu ??o V?
",Realm_01.jpg,"Ki?n ??o V? (Dar?ana-m?rga)
??t ph† tÉm linh: L?n ??u tiàn tr?c nh?n T? Di?u ?? nh? th?t:

Kh? ??: LuÉn h?i lÖ b? kh?.

T?p ??: Tham †i lÖ g?c kh?.

Di?t ??: Di?t †i = Di?t kh?.

??o ??: B†t Ch†nh ??o lÖ con ???ng.

?o?n tr?:

ThÉn ki?n (ch?p ""ta"").

Nghi (hoÖi nghi Ph†p).

Gi?i c?m th? (mà t°n nghi l?).

Qu? v?: Ch?ng S? qu? (D? L?u) ? t?i ?a 7 ki?p n?a gi?i tho†t.

Tu ??o V? (Bh?van?-m?rga)
Cìng phu sÉu: Tiàu tr? vi t? phi?n n?o cïn s¢t:

D?c †i (ham mu?n vi t?).

SÉn.

Vì minh tÖn d?.

ThÖnh t?u:

Kim Cang ??nh (Vajropama-sam?dhi): ??nh l?c kiàn c? nh? kim c??ng, ph† tan m?i l?u ho?c.

Viàn m?n B†t Ch†nh ??o.

Qu? v? cu?i: A-la-h†n (l?u t?n, gi?i tho†t).
BÖi H?c Tr?ng Y?u
Ki?n ??o ? Tu ??o:

Ki?n ??o nh? nhçn th?y ??nh n£i, Tu ??o lÖ leo làn ??nh.

A-la-h†n khìng ph?i ""c?u c†nh"":

Theo ??i Th?a, A-la-h†n c¢ th? h?i tÉm h??ng B? ?? ?? thÖnh B? T†t.

""Th?y Kh? r?i m?i d?t ?i,
Tu? gi†c sinh thç phi?n n?o r?ng!""",3,30,35,28,32,31,29
84,"Thanh V?n Th?a
","Ki?n ??o & Tu ??o V?
",Realm_02.jpg,"Ki?n ??o V? (Dar?ana-m?rga)
??t ph† tÉm linh: L?n ??u tiàn tr?c nh?n T? Di?u ?? nh? th?t:

Kh? ??: LuÉn h?i lÖ b? kh?.

T?p ??: Tham †i lÖ g?c kh?.

Di?t ??: Di?t †i = Di?t kh?.

??o ??: B†t Ch†nh ??o lÖ con ???ng.

?o?n tr?:

ThÉn ki?n (ch?p ""ta"").

Nghi (hoÖi nghi Ph†p).

Gi?i c?m th? (mà t°n nghi l?).

Qu? v?: Ch?ng S? qu? (D? L?u) ? t?i ?a 7 ki?p n?a gi?i tho†t.

Tu ??o V? (Bh?van?-m?rga)
Cìng phu sÉu: Tiàu tr? vi t? phi?n n?o cïn s¢t:

D?c †i (ham mu?n vi t?).

SÉn.

Vì minh tÖn d?.

ThÖnh t?u:

Kim Cang ??nh (Vajropama-sam?dhi): ??nh l?c kiàn c? nh? kim c??ng, ph† tan m?i l?u ho?c.

Viàn m?n B†t Ch†nh ??o.

Qu? v? cu?i: A-la-h†n (l?u t?n, gi?i tho†t).
BÖi H?c Tr?ng Y?u
Ki?n ??o ? Tu ??o:

Ki?n ??o nh? nhçn th?y ??nh n£i, Tu ??o lÖ leo làn ??nh.

A-la-h†n khìng ph?i ""c?u c†nh"":

Theo ??i Th?a, A-la-h†n c¢ th? h?i tÉm h??ng B? ?? ?? thÖnh B? T†t.

""Th?y Kh? r?i m?i d?t ?i,
Tu? gi†c sinh thç phi?n n?o r?ng!""",3,30,35,28,32,31,29
85,"Thanh V?n Th?a
","Ki?n ??o & Tu ??o V?
",Realm_01.jpg,"Ki?n ??o V? (Dar?ana-m?rga)
??t ph† tÉm linh: L?n ??u tiàn tr?c nh?n T? Di?u ?? nh? th?t:

Kh? ??: LuÉn h?i lÖ b? kh?.

T?p ??: Tham †i lÖ g?c kh?.

Di?t ??: Di?t †i = Di?t kh?.

??o ??: B†t Ch†nh ??o lÖ con ???ng.

?o?n tr?:

ThÉn ki?n (ch?p ""ta"").

Nghi (hoÖi nghi Ph†p).

Gi?i c?m th? (mà t°n nghi l?).

Qu? v?: Ch?ng S? qu? (D? L?u) ? t?i ?a 7 ki?p n?a gi?i tho†t.

Tu ??o V? (Bh?van?-m?rga)
Cìng phu sÉu: Tiàu tr? vi t? phi?n n?o cïn s¢t:

D?c †i (ham mu?n vi t?).

SÉn.

Vì minh tÖn d?.

ThÖnh t?u:

Kim Cang ??nh (Vajropama-sam?dhi): ??nh l?c kiàn c? nh? kim c??ng, ph† tan m?i l?u ho?c.

Viàn m?n B†t Ch†nh ??o.

Qu? v? cu?i: A-la-h†n (l?u t?n, gi?i tho†t).
BÖi H?c Tr?ng Y?u
Ki?n ??o ? Tu ??o:

Ki?n ??o nh? nhçn th?y ??nh n£i, Tu ??o lÖ leo làn ??nh.

A-la-h†n khìng ph?i ""c?u c†nh"":

Theo ??i Th?a, A-la-h†n c¢ th? h?i tÉm h??ng B? ?? ?? thÖnh B? T†t.

""Th?y Kh? r?i m?i d?t ?i,
Tu? gi†c sinh thç phi?n n?o r?ng!""",3,30,35,28,32,31,29
86,"Thanh V?n Th?a
","Ki?n ??o & Tu ??o V?
",Realm_02.jpg,"Ki?n ??o V? (Dar?ana-m?rga)
??t ph† tÉm linh: L?n ??u tiàn tr?c nh?n T? Di?u ?? nh? th?t:

Kh? ??: LuÉn h?i lÖ b? kh?.

T?p ??: Tham †i lÖ g?c kh?.

Di?t ??: Di?t †i = Di?t kh?.

??o ??: B†t Ch†nh ??o lÖ con ???ng.

?o?n tr?:

ThÉn ki?n (ch?p ""ta"").

Nghi (hoÖi nghi Ph†p).

Gi?i c?m th? (mà t°n nghi l?).

Qu? v?: Ch?ng S? qu? (D? L?u) ? t?i ?a 7 ki?p n?a gi?i tho†t.

Tu ??o V? (Bh?van?-m?rga)
Cìng phu sÉu: Tiàu tr? vi t? phi?n n?o cïn s¢t:

D?c †i (ham mu?n vi t?).

SÉn.

Vì minh tÖn d?.

ThÖnh t?u:

Kim Cang ??nh (Vajropama-sam?dhi): ??nh l?c kiàn c? nh? kim c??ng, ph† tan m?i l?u ho?c.

Viàn m?n B†t Ch†nh ??o.

Qu? v? cu?i: A-la-h†n (l?u t?n, gi?i tho†t).
BÖi H?c Tr?ng Y?u
Ki?n ??o ? Tu ??o:

Ki?n ??o nh? nhçn th?y ??nh n£i, Tu ??o lÖ leo làn ??nh.

A-la-h†n khìng ph?i ""c?u c†nh"":

Theo ??i Th?a, A-la-h†n c¢ th? h?i tÉm h??ng B? ?? ?? thÖnh B? T†t.

""Th?y Kh? r?i m?i d?t ?i,
Tu? gi†c sinh thç phi?n n?o r?ng!""",3,30,35,28,32,31,29
87,"Thanh V?n Th?a
","Ki?n ??o & Tu ??o V?
",Realm_01.jpg,"Ki?n ??o V? (Dar?ana-m?rga)
??t ph† tÉm linh: L?n ??u tiàn tr?c nh?n T? Di?u ?? nh? th?t:

Kh? ??: LuÉn h?i lÖ b? kh?.

T?p ??: Tham †i lÖ g?c kh?.

Di?t ??: Di?t †i = Di?t kh?.

??o ??: B†t Ch†nh ??o lÖ con ???ng.

?o?n tr?:

ThÉn ki?n (ch?p ""ta"").

Nghi (hoÖi nghi Ph†p).

Gi?i c?m th? (mà t°n nghi l?).

Qu? v?: Ch?ng S? qu? (D? L?u) ? t?i ?a 7 ki?p n?a gi?i tho†t.

Tu ??o V? (Bh?van?-m?rga)
Cìng phu sÉu: Tiàu tr? vi t? phi?n n?o cïn s¢t:

D?c †i (ham mu?n vi t?).

SÉn.

Vì minh tÖn d?.

ThÖnh t?u:

Kim Cang ??nh (Vajropama-sam?dhi): ??nh l?c kiàn c? nh? kim c??ng, ph† tan m?i l?u ho?c.

Viàn m?n B†t Ch†nh ??o.

Qu? v? cu?i: A-la-h†n (l?u t?n, gi?i tho†t).
BÖi H?c Tr?ng Y?u
Ki?n ??o ? Tu ??o:

Ki?n ??o nh? nhçn th?y ??nh n£i, Tu ??o lÖ leo làn ??nh.

A-la-h†n khìng ph?i ""c?u c†nh"":

Theo ??i Th?a, A-la-h†n c¢ th? h?i tÉm h??ng B? ?? ?? thÖnh B? T†t.

""Th?y Kh? r?i m?i d?t ?i,
Tu? gi†c sinh thç phi?n n?o r?ng!""",3,30,35,28,32,31,29
88,"Thanh V?n Th?a
","Ki?n ??o & Tu ??o V?
",Realm_02.jpg,"Ki?n ??o V? (Dar?ana-m?rga)
??t ph† tÉm linh: L?n ??u tiàn tr?c nh?n T? Di?u ?? nh? th?t:

Kh? ??: LuÉn h?i lÖ b? kh?.

T?p ??: Tham †i lÖ g?c kh?.

Di?t ??: Di?t †i = Di?t kh?.

??o ??: B†t Ch†nh ??o lÖ con ???ng.

?o?n tr?:

ThÉn ki?n (ch?p ""ta"").

Nghi (hoÖi nghi Ph†p).

Gi?i c?m th? (mà t°n nghi l?).

Qu? v?: Ch?ng S? qu? (D? L?u) ? t?i ?a 7 ki?p n?a gi?i tho†t.

Tu ??o V? (Bh?van?-m?rga)
Cìng phu sÉu: Tiàu tr? vi t? phi?n n?o cïn s¢t:

D?c †i (ham mu?n vi t?).

SÉn.

Vì minh tÖn d?.

ThÖnh t?u:

Kim Cang ??nh (Vajropama-sam?dhi): ??nh l?c kiàn c? nh? kim c??ng, ph† tan m?i l?u ho?c.

Viàn m?n B†t Ch†nh ??o.

Qu? v? cu?i: A-la-h†n (l?u t?n, gi?i tho†t).
BÖi H?c Tr?ng Y?u
Ki?n ??o ? Tu ??o:

Ki?n ??o nh? nhçn th?y ??nh n£i, Tu ??o lÖ leo làn ??nh.

A-la-h†n khìng ph?i ""c?u c†nh"":

Theo ??i Th?a, A-la-h†n c¢ th? h?i tÉm h??ng B? ?? ?? thÖnh B? T†t.

""Th?y Kh? r?i m?i d?t ?i,
Tu? gi†c sinh thç phi?n n?o r?ng!""",3,30,35,28,32,31,29
89,"Thanh V?n Th?a
","Ki?n ??o & Tu ??o V?
",Realm_01.jpg,"Ki?n ??o V? (Dar?ana-m?rga)
??t ph† tÉm linh: L?n ??u tiàn tr?c nh?n T? Di?u ?? nh? th?t:

Kh? ??: LuÉn h?i lÖ b? kh?.

T?p ??: Tham †i lÖ g?c kh?.

Di?t ??: Di?t †i = Di?t kh?.

??o ??: B†t Ch†nh ??o lÖ con ???ng.

?o?n tr?:

ThÉn ki?n (ch?p ""ta"").

Nghi (hoÖi nghi Ph†p).

Gi?i c?m th? (mà t°n nghi l?).

Qu? v?: Ch?ng S? qu? (D? L?u) ? t?i ?a 7 ki?p n?a gi?i tho†t.

Tu ??o V? (Bh?van?-m?rga)
Cìng phu sÉu: Tiàu tr? vi t? phi?n n?o cïn s¢t:

D?c †i (ham mu?n vi t?).

SÉn.

Vì minh tÖn d?.

ThÖnh t?u:

Kim Cang ??nh (Vajropama-sam?dhi): ??nh l?c kiàn c? nh? kim c??ng, ph† tan m?i l?u ho?c.

Viàn m?n B†t Ch†nh ??o.

Qu? v? cu?i: A-la-h†n (l?u t?n, gi?i tho†t).
BÖi H?c Tr?ng Y?u
Ki?n ??o ? Tu ??o:

Ki?n ??o nh? nhçn th?y ??nh n£i, Tu ??o lÖ leo làn ??nh.

A-la-h†n khìng ph?i ""c?u c†nh"":

Theo ??i Th?a, A-la-h†n c¢ th? h?i tÉm h??ng B? ?? ?? thÖnh B? T†t.

""Th?y Kh? r?i m?i d?t ?i,
Tu? gi†c sinh thç phi?n n?o r?ng!""",3,30,35,28,32,31,29
90,"Thanh V?n Th?a
","Ki?n ??o & Tu ??o V?
",Realm_02.jpg,"Ki?n ??o V? (Dar?ana-m?rga)
??t ph† tÉm linh: L?n ??u tiàn tr?c nh?n T? Di?u ?? nh? th?t:

Kh? ??: LuÉn h?i lÖ b? kh?.

T?p ??: Tham †i lÖ g?c kh?.

Di?t ??: Di?t †i = Di?t kh?.

??o ??: B†t Ch†nh ??o lÖ con ???ng.

?o?n tr?:

ThÉn ki?n (ch?p ""ta"").

Nghi (hoÖi nghi Ph†p).

Gi?i c?m th? (mà t°n nghi l?).

Qu? v?: Ch?ng S? qu? (D? L?u) ? t?i ?a 7 ki?p n?a gi?i tho†t.

Tu ??o V? (Bh?van?-m?rga)
Cìng phu sÉu: Tiàu tr? vi t? phi?n n?o cïn s¢t:

D?c †i (ham mu?n vi t?).

SÉn.

Vì minh tÖn d?.

ThÖnh t?u:

Kim Cang ??nh (Vajropama-sam?dhi): ??nh l?c kiàn c? nh? kim c??ng, ph† tan m?i l?u ho?c.

Viàn m?n B†t Ch†nh ??o.

Qu? v? cu?i: A-la-h†n (l?u t?n, gi?i tho†t).
BÖi H?c Tr?ng Y?u
Ki?n ??o ? Tu ??o:

Ki?n ??o nh? nhçn th?y ??nh n£i, Tu ??o lÖ leo làn ??nh.

A-la-h†n khìng ph?i ""c?u c†nh"":

Theo ??i Th?a, A-la-h†n c¢ th? h?i tÉm h??ng B? ?? ?? thÖnh B? T†t.

""Th?y Kh? r?i m?i d?t ?i,
Tu? gi†c sinh thç phi?n n?o r?ng!""",3,30,35,28,32,31,29
91,"Thanh V?n Th?a
","Ki?n ??o & Tu ??o V?
",Realm_01.jpg,"Ki?n ??o V? (Dar?ana-m?rga)
??t ph† tÉm linh: L?n ??u tiàn tr?c nh?n T? Di?u ?? nh? th?t:

Kh? ??: LuÉn h?i lÖ b? kh?.

T?p ??: Tham †i lÖ g?c kh?.

Di?t ??: Di?t †i = Di?t kh?.

??o ??: B†t Ch†nh ??o lÖ con ???ng.

?o?n tr?:

ThÉn ki?n (ch?p ""ta"").

Nghi (hoÖi nghi Ph†p).

Gi?i c?m th? (mà t°n nghi l?).

Qu? v?: Ch?ng S? qu? (D? L?u) ? t?i ?a 7 ki?p n?a gi?i tho†t.

Tu ??o V? (Bh?van?-m?rga)
Cìng phu sÉu: Tiàu tr? vi t? phi?n n?o cïn s¢t:

D?c †i (ham mu?n vi t?).

SÉn.

Vì minh tÖn d?.

ThÖnh t?u:

Kim Cang ??nh (Vajropama-sam?dhi): ??nh l?c kiàn c? nh? kim c??ng, ph† tan m?i l?u ho?c.

Viàn m?n B†t Ch†nh ??o.

Qu? v? cu?i: A-la-h†n (l?u t?n, gi?i tho†t).
BÖi H?c Tr?ng Y?u
Ki?n ??o ? Tu ??o:

Ki?n ??o nh? nhçn th?y ??nh n£i, Tu ??o lÖ leo làn ??nh.

A-la-h†n khìng ph?i ""c?u c†nh"":

Theo ??i Th?a, A-la-h†n c¢ th? h?i tÉm h??ng B? ?? ?? thÖnh B? T†t.

""Th?y Kh? r?i m?i d?t ?i,
Tu? gi†c sinh thç phi?n n?o r?ng!""",3,30,35,28,32,31,29
92,"Thanh V?n Th?a
","Ki?n ??o & Tu ??o V?
",Realm_02.jpg,"Ki?n ??o V? (Dar?ana-m?rga)
??t ph† tÉm linh: L?n ??u tiàn tr?c nh?n T? Di?u ?? nh? th?t:

Kh? ??: LuÉn h?i lÖ b? kh?.

T?p ??: Tham †i lÖ g?c kh?.

Di?t ??: Di?t †i = Di?t kh?.

??o ??: B†t Ch†nh ??o lÖ con ???ng.

?o?n tr?:

ThÉn ki?n (ch?p ""ta"").

Nghi (hoÖi nghi Ph†p).

Gi?i c?m th? (mà t°n nghi l?).

Qu? v?: Ch?ng S? qu? (D? L?u) ? t?i ?a 7 ki?p n?a gi?i tho†t.

Tu ??o V? (Bh?van?-m?rga)
Cìng phu sÉu: Tiàu tr? vi t? phi?n n?o cïn s¢t:

D?c †i (ham mu?n vi t?).

SÉn.

Vì minh tÖn d?.

ThÖnh t?u:

Kim Cang ??nh (Vajropama-sam?dhi): ??nh l?c kiàn c? nh? kim c??ng, ph† tan m?i l?u ho?c.

Viàn m?n B†t Ch†nh ??o.

Qu? v? cu?i: A-la-h†n (l?u t?n, gi?i tho†t).
BÖi H?c Tr?ng Y?u
Ki?n ??o ? Tu ??o:

Ki?n ??o nh? nhçn th?y ??nh n£i, Tu ??o lÖ leo làn ??nh.

A-la-h†n khìng ph?i ""c?u c†nh"":

Theo ??i Th?a, A-la-h†n c¢ th? h?i tÉm h??ng B? ?? ?? thÖnh B? T†t.

""Th?y Kh? r?i m?i d?t ?i,
Tu? gi†c sinh thç phi?n n?o r?ng!""",3,30,35,28,32,31,29
93,"Thanh V?n Th?a
","Ki?n ??o & Tu ??o V?
",Realm_01.jpg,"Ki?n ??o V? (Dar?ana-m?rga)
??t ph† tÉm linh: L?n ??u tiàn tr?c nh?n T? Di?u ?? nh? th?t:

Kh? ??: LuÉn h?i lÖ b? kh?.

T?p ??: Tham †i lÖ g?c kh?.

Di?t ??: Di?t †i = Di?t kh?.

??o ??: B†t Ch†nh ??o lÖ con ???ng.

?o?n tr?:

ThÉn ki?n (ch?p ""ta"").

Nghi (hoÖi nghi Ph†p).

Gi?i c?m th? (mà t°n nghi l?).

Qu? v?: Ch?ng S? qu? (D? L?u) ? t?i ?a 7 ki?p n?a gi?i tho†t.

Tu ??o V? (Bh?van?-m?rga)
Cìng phu sÉu: Tiàu tr? vi t? phi?n n?o cïn s¢t:

D?c †i (ham mu?n vi t?).

SÉn.

Vì minh tÖn d?.

ThÖnh t?u:

Kim Cang ??nh (Vajropama-sam?dhi): ??nh l?c kiàn c? nh? kim c??ng, ph† tan m?i l?u ho?c.

Viàn m?n B†t Ch†nh ??o.

Qu? v? cu?i: A-la-h†n (l?u t?n, gi?i tho†t).
BÖi H?c Tr?ng Y?u
Ki?n ??o ? Tu ??o:

Ki?n ??o nh? nhçn th?y ??nh n£i, Tu ??o lÖ leo làn ??nh.

A-la-h†n khìng ph?i ""c?u c†nh"":

Theo ??i Th?a, A-la-h†n c¢ th? h?i tÉm h??ng B? ?? ?? thÖnh B? T†t.

""Th?y Kh? r?i m?i d?t ?i,
Tu? gi†c sinh thç phi?n n?o r?ng!""",3,30,35,28,32,31,29
94,"Thanh V?n Th?a
","Ki?n ??o & Tu ??o V?
",Realm_02.jpg,"Ki?n ??o V? (Dar?ana-m?rga)
??t ph† tÉm linh: L?n ??u tiàn tr?c nh?n T? Di?u ?? nh? th?t:

Kh? ??: LuÉn h?i lÖ b? kh?.

T?p ??: Tham †i lÖ g?c kh?.

Di?t ??: Di?t †i = Di?t kh?.

??o ??: B†t Ch†nh ??o lÖ con ???ng.

?o?n tr?:

ThÉn ki?n (ch?p ""ta"").

Nghi (hoÖi nghi Ph†p).

Gi?i c?m th? (mà t°n nghi l?).

Qu? v?: Ch?ng S? qu? (D? L?u) ? t?i ?a 7 ki?p n?a gi?i tho†t.

Tu ??o V? (Bh?van?-m?rga)
Cìng phu sÉu: Tiàu tr? vi t? phi?n n?o cïn s¢t:

D?c †i (ham mu?n vi t?).

SÉn.

Vì minh tÖn d?.

ThÖnh t?u:

Kim Cang ??nh (Vajropama-sam?dhi): ??nh l?c kiàn c? nh? kim c??ng, ph† tan m?i l?u ho?c.

Viàn m?n B†t Ch†nh ??o.

Qu? v? cu?i: A-la-h†n (l?u t?n, gi?i tho†t).
BÖi H?c Tr?ng Y?u
Ki?n ??o ? Tu ??o:

Ki?n ??o nh? nhçn th?y ??nh n£i, Tu ??o lÖ leo làn ??nh.

A-la-h†n khìng ph?i ""c?u c†nh"":

Theo ??i Th?a, A-la-h†n c¢ th? h?i tÉm h??ng B? ?? ?? thÖnh B? T†t.

""Th?y Kh? r?i m?i d?t ?i,
Tu? gi†c sinh thç phi?n n?o r?ng!""",3,30,35,28,32,31,29
95,"Thanh V?n Th?a
","Ki?n ??o & Tu ??o V?
",Realm_01.jpg,"Ki?n ??o V? (Dar?ana-m?rga)
??t ph† tÉm linh: L?n ??u tiàn tr?c nh?n T? Di?u ?? nh? th?t:

Kh? ??: LuÉn h?i lÖ b? kh?.

T?p ??: Tham †i lÖ g?c kh?.

Di?t ??: Di?t †i = Di?t kh?.

??o ??: B†t Ch†nh ??o lÖ con ???ng.

?o?n tr?:

ThÉn ki?n (ch?p ""ta"").

Nghi (hoÖi nghi Ph†p).

Gi?i c?m th? (mà t°n nghi l?).

Qu? v?: Ch?ng S? qu? (D? L?u) ? t?i ?a 7 ki?p n?a gi?i tho†t.

Tu ??o V? (Bh?van?-m?rga)
Cìng phu sÉu: Tiàu tr? vi t? phi?n n?o cïn s¢t:

D?c †i (ham mu?n vi t?).

SÉn.

Vì minh tÖn d?.

ThÖnh t?u:

Kim Cang ??nh (Vajropama-sam?dhi): ??nh l?c kiàn c? nh? kim c??ng, ph† tan m?i l?u ho?c.

Viàn m?n B†t Ch†nh ??o.

Qu? v? cu?i: A-la-h†n (l?u t?n, gi?i tho†t).
BÖi H?c Tr?ng Y?u
Ki?n ??o ? Tu ??o:

Ki?n ??o nh? nhçn th?y ??nh n£i, Tu ??o lÖ leo làn ??nh.

A-la-h†n khìng ph?i ""c?u c†nh"":

Theo ??i Th?a, A-la-h†n c¢ th? h?i tÉm h??ng B? ?? ?? thÖnh B? T†t.

""Th?y Kh? r?i m?i d?t ?i,
Tu? gi†c sinh thç phi?n n?o r?ng!""",3,30,35,28,32,31,29
96,"Thanh V?n Th?a
","Ki?n ??o & Tu ??o V?
",Realm_02.jpg,"Ki?n ??o V? (Dar?ana-m?rga)
??t ph† tÉm linh: L?n ??u tiàn tr?c nh?n T? Di?u ?? nh? th?t:

Kh? ??: LuÉn h?i lÖ b? kh?.

T?p ??: Tham †i lÖ g?c kh?.

Di?t ??: Di?t †i = Di?t kh?.

??o ??: B†t Ch†nh ??o lÖ con ???ng.

?o?n tr?:

ThÉn ki?n (ch?p ""ta"").

Nghi (hoÖi nghi Ph†p).

Gi?i c?m th? (mà t°n nghi l?).

Qu? v?: Ch?ng S? qu? (D? L?u) ? t?i ?a 7 ki?p n?a gi?i tho†t.

Tu ??o V? (Bh?van?-m?rga)
Cìng phu sÉu: Tiàu tr? vi t? phi?n n?o cïn s¢t:

D?c †i (ham mu?n vi t?).

SÉn.

Vì minh tÖn d?.

ThÖnh t?u:

Kim Cang ??nh (Vajropama-sam?dhi): ??nh l?c kiàn c? nh? kim c??ng, ph† tan m?i l?u ho?c.

Viàn m?n B†t Ch†nh ??o.

Qu? v? cu?i: A-la-h†n (l?u t?n, gi?i tho†t).
BÖi H?c Tr?ng Y?u
Ki?n ??o ? Tu ??o:

Ki?n ??o nh? nhçn th?y ??nh n£i, Tu ??o lÖ leo làn ??nh.

A-la-h†n khìng ph?i ""c?u c†nh"":

Theo ??i Th?a, A-la-h†n c¢ th? h?i tÉm h??ng B? ?? ?? thÖnh B? T†t.

""Th?y Kh? r?i m?i d?t ?i,
Tu? gi†c sinh thç phi?n n?o r?ng!""",3,30,35,28,32,31,29
97,"Thanh V?n Th?a
","Ki?n ??o & Tu ??o V?
",Realm_01.jpg,"Ki?n ??o V? (Dar?ana-m?rga)
??t ph† tÉm linh: L?n ??u tiàn tr?c nh?n T? Di?u ?? nh? th?t:

Kh? ??: LuÉn h?i lÖ b? kh?.

T?p ??: Tham †i lÖ g?c kh?.

Di?t ??: Di?t †i = Di?t kh?.

??o ??: B†t Ch†nh ??o lÖ con ???ng.

?o?n tr?:

ThÉn ki?n (ch?p ""ta"").

Nghi (hoÖi nghi Ph†p).

Gi?i c?m th? (mà t°n nghi l?).

Qu? v?: Ch?ng S? qu? (D? L?u) ? t?i ?a 7 ki?p n?a gi?i tho†t.

Tu ??o V? (Bh?van?-m?rga)
Cìng phu sÉu: Tiàu tr? vi t? phi?n n?o cïn s¢t:

D?c †i (ham mu?n vi t?).

SÉn.

Vì minh tÖn d?.

ThÖnh t?u:

Kim Cang ??nh (Vajropama-sam?dhi): ??nh l?c kiàn c? nh? kim c??ng, ph† tan m?i l?u ho?c.

Viàn m?n B†t Ch†nh ??o.

Qu? v? cu?i: A-la-h†n (l?u t?n, gi?i tho†t).
BÖi H?c Tr?ng Y?u
Ki?n ??o ? Tu ??o:

Ki?n ??o nh? nhçn th?y ??nh n£i, Tu ??o lÖ leo làn ??nh.

A-la-h†n khìng ph?i ""c?u c†nh"":

Theo ??i Th?a, A-la-h†n c¢ th? h?i tÉm h??ng B? ?? ?? thÖnh B? T†t.

""Th?y Kh? r?i m?i d?t ?i,
Tu? gi†c sinh thç phi?n n?o r?ng!""",3,30,35,28,32,31,29
98,"Thanh V?n Th?a
","Ki?n ??o & Tu ??o V?
",Realm_02.jpg,"Ki?n ??o V? (Dar?ana-m?rga)
??t ph† tÉm linh: L?n ??u tiàn tr?c nh?n T? Di?u ?? nh? th?t:

Kh? ??: LuÉn h?i lÖ b? kh?.

T?p ??: Tham †i lÖ g?c kh?.

Di?t ??: Di?t †i = Di?t kh?.

??o ??: B†t Ch†nh ??o lÖ con ???ng.

?o?n tr?:

ThÉn ki?n (ch?p ""ta"").

Nghi (hoÖi nghi Ph†p).

Gi?i c?m th? (mà t°n nghi l?).

Qu? v?: Ch?ng S? qu? (D? L?u) ? t?i ?a 7 ki?p n?a gi?i tho†t.

Tu ??o V? (Bh?van?-m?rga)
Cìng phu sÉu: Tiàu tr? vi t? phi?n n?o cïn s¢t:

D?c †i (ham mu?n vi t?).

SÉn.

Vì minh tÖn d?.

ThÖnh t?u:

Kim Cang ??nh (Vajropama-sam?dhi): ??nh l?c kiàn c? nh? kim c??ng, ph† tan m?i l?u ho?c.

Viàn m?n B†t Ch†nh ??o.

Qu? v? cu?i: A-la-h†n (l?u t?n, gi?i tho†t).
BÖi H?c Tr?ng Y?u
Ki?n ??o ? Tu ??o:

Ki?n ??o nh? nhçn th?y ??nh n£i, Tu ??o lÖ leo làn ??nh.

A-la-h†n khìng ph?i ""c?u c†nh"":

Theo ??i Th?a, A-la-h†n c¢ th? h?i tÉm h??ng B? ?? ?? thÖnh B? T†t.

""Th?y Kh? r?i m?i d?t ?i,
Tu? gi†c sinh thç phi?n n?o r?ng!""",3,30,35,28,32,31,29
99,"Thanh V?n Th?a
","Ki?n ??o & Tu ??o V?
",Realm_01.jpg,"Ki?n ??o V? (Dar?ana-m?rga)
??t ph† tÉm linh: L?n ??u tiàn tr?c nh?n T? Di?u ?? nh? th?t:

Kh? ??: LuÉn h?i lÖ b? kh?.

T?p ??: Tham †i lÖ g?c kh?.

Di?t ??: Di?t †i = Di?t kh?.

??o ??: B†t Ch†nh ??o lÖ con ???ng.

?o?n tr?:

ThÉn ki?n (ch?p ""ta"").

Nghi (hoÖi nghi Ph†p).

Gi?i c?m th? (mà t°n nghi l?).

Qu? v?: Ch?ng S? qu? (D? L?u) ? t?i ?a 7 ki?p n?a gi?i tho†t.

Tu ??o V? (Bh?van?-m?rga)
Cìng phu sÉu: Tiàu tr? vi t? phi?n n?o cïn s¢t:

D?c †i (ham mu?n vi t?).

SÉn.

Vì minh tÖn d?.

ThÖnh t?u:

Kim Cang ??nh (Vajropama-sam?dhi): ??nh l?c kiàn c? nh? kim c??ng, ph† tan m?i l?u ho?c.

Viàn m?n B†t Ch†nh ??o.

Qu? v? cu?i: A-la-h†n (l?u t?n, gi?i tho†t).
BÖi H?c Tr?ng Y?u
Ki?n ??o ? Tu ??o:

Ki?n ??o nh? nhçn th?y ??nh n£i, Tu ??o lÖ leo làn ??nh.

A-la-h†n khìng ph?i ""c?u c†nh"":

Theo ??i Th?a, A-la-h†n c¢ th? h?i tÉm h??ng B? ?? ?? thÖnh B? T†t.

""Th?y Kh? r?i m?i d?t ?i,
Tu? gi†c sinh thç phi?n n?o r?ng!""",3,30,35,28,32,31,29
100,"Thanh V?n Th?a
","Ki?n ??o & Tu ??o V?
",Realm_02.jpg,"Ki?n ??o V? (Dar?ana-m?rga)
??t ph† tÉm linh: L?n ??u tiàn tr?c nh?n T? Di?u ?? nh? th?t:

Kh? ??: LuÉn h?i lÖ b? kh?.

T?p ??: Tham †i lÖ g?c kh?.

Di?t ??: Di?t †i = Di?t kh?.

??o ??: B†t Ch†nh ??o lÖ con ???ng.

?o?n tr?:

ThÉn ki?n (ch?p ""ta"").

Nghi (hoÖi nghi Ph†p).

Gi?i c?m th? (mà t°n nghi l?).

Qu? v?: Ch?ng S? qu? (D? L?u) ? t?i ?a 7 ki?p n?a gi?i tho†t.

Tu ??o V? (Bh?van?-m?rga)
Cìng phu sÉu: Tiàu tr? vi t? phi?n n?o cïn s¢t:

D?c †i (ham mu?n vi t?).

SÉn.

Vì minh tÖn d?.

ThÖnh t?u:

Kim Cang ??nh (Vajropama-sam?dhi): ??nh l?c kiàn c? nh? kim c??ng, ph† tan m?i l?u ho?c.

Viàn m?n B†t Ch†nh ??o.

Qu? v? cu?i: A-la-h†n (l?u t?n, gi?i tho†t).
BÖi H?c Tr?ng Y?u
Ki?n ??o ? Tu ??o:

Ki?n ??o nh? nhçn th?y ??nh n£i, Tu ??o lÖ leo làn ??nh.

A-la-h†n khìng ph?i ""c?u c†nh"":

Theo ??i Th?a, A-la-h†n c¢ th? h?i tÉm h??ng B? ?? ?? thÖnh B? T†t.

""Th?y Kh? r?i m?i d?t ?i,
Tu? gi†c sinh thç phi?n n?o r?ng!""",3,30,35,28,32,31,29
101,"Thanh V?n Th?a
","Ki?n ??o & Tu ??o V?
",Realm_01.jpg,"Ki?n ??o V? (Dar?ana-m?rga)
??t ph† tÉm linh: L?n ??u tiàn tr?c nh?n T? Di?u ?? nh? th?t:

Kh? ??: LuÉn h?i lÖ b? kh?.

T?p ??: Tham †i lÖ g?c kh?.

Di?t ??: Di?t †i = Di?t kh?.

??o ??: B†t Ch†nh ??o lÖ con ???ng.

?o?n tr?:

ThÉn ki?n (ch?p ""ta"").

Nghi (hoÖi nghi Ph†p).

Gi?i c?m th? (mà t°n nghi l?).

Qu? v?: Ch?ng S? qu? (D? L?u) ? t?i ?a 7 ki?p n?a gi?i tho†t.

Tu ??o V? (Bh?van?-m?rga)
Cìng phu sÉu: Tiàu tr? vi t? phi?n n?o cïn s¢t:

D?c †i (ham mu?n vi t?).

SÉn.

Vì minh tÖn d?.

ThÖnh t?u:

Kim Cang ??nh (Vajropama-sam?dhi): ??nh l?c kiàn c? nh? kim c??ng, ph† tan m?i l?u ho?c.

Viàn m?n B†t Ch†nh ??o.

Qu? v? cu?i: A-la-h†n (l?u t?n, gi?i tho†t).
BÖi H?c Tr?ng Y?u
Ki?n ??o ? Tu ??o:

Ki?n ??o nh? nhçn th?y ??nh n£i, Tu ??o lÖ leo làn ??nh.

A-la-h†n khìng ph?i ""c?u c†nh"":

Theo ??i Th?a, A-la-h†n c¢ th? h?i tÉm h??ng B? ?? ?? thÖnh B? T†t.

""Th?y Kh? r?i m?i d?t ?i,
Tu? gi†c sinh thç phi?n n?o r?ng!""",3,30,35,28,32,31,29
102,"Thanh V?n Th?a
","Ki?n ??o & Tu ??o V?
",Realm_02.jpg,"Ki?n ??o V? (Dar?ana-m?rga)
??t ph† tÉm linh: L?n ??u tiàn tr?c nh?n T? Di?u ?? nh? th?t:

Kh? ??: LuÉn h?i lÖ b? kh?.

T?p ??: Tham †i lÖ g?c kh?.

Di?t ??: Di?t †i = Di?t kh?.

??o ??: B†t Ch†nh ??o lÖ con ???ng.

?o?n tr?:

ThÉn ki?n (ch?p ""ta"").

Nghi (hoÖi nghi Ph†p).

Gi?i c?m th? (mà t°n nghi l?).

Qu? v?: Ch?ng S? qu? (D? L?u) ? t?i ?a 7 ki?p n?a gi?i tho†t.

Tu ??o V? (Bh?van?-m?rga)
Cìng phu sÉu: Tiàu tr? vi t? phi?n n?o cïn s¢t:

D?c †i (ham mu?n vi t?).

SÉn.

Vì minh tÖn d?.

ThÖnh t?u:

Kim Cang ??nh (Vajropama-sam?dhi): ??nh l?c kiàn c? nh? kim c??ng, ph† tan m?i l?u ho?c.

Viàn m?n B†t Ch†nh ??o.

Qu? v? cu?i: A-la-h†n (l?u t?n, gi?i tho†t).
BÖi H?c Tr?ng Y?u
Ki?n ??o ? Tu ??o:

Ki?n ??o nh? nhçn th?y ??nh n£i, Tu ??o lÖ leo làn ??nh.

A-la-h†n khìng ph?i ""c?u c†nh"":

Theo ??i Th?a, A-la-h†n c¢ th? h?i tÉm h??ng B? ?? ?? thÖnh B? T†t.

""Th?y Kh? r?i m?i d?t ?i,
Tu? gi†c sinh thç phi?n n?o r?ng!""",3,30,35,28,32,31,29
103,"Thanh V?n Th?a
","Ki?n ??o & Tu ??o V?
",Realm_01.jpg,"Ki?n ??o V? (Dar?ana-m?rga)
??t ph† tÉm linh: L?n ??u tiàn tr?c nh?n T? Di?u ?? nh? th?t:

Kh? ??: LuÉn h?i lÖ b? kh?.

T?p ??: Tham †i lÖ g?c kh?.

Di?t ??: Di?t †i = Di?t kh?.

??o ??: B†t Ch†nh ??o lÖ con ???ng.

?o?n tr?:

ThÉn ki?n (ch?p ""ta"").

Nghi (hoÖi nghi Ph†p).

Gi?i c?m th? (mà t°n nghi l?).

Qu? v?: Ch?ng S? qu? (D? L?u) ? t?i ?a 7 ki?p n?a gi?i tho†t.

Tu ??o V? (Bh?van?-m?rga)
Cìng phu sÉu: Tiàu tr? vi t? phi?n n?o cïn s¢t:

D?c †i (ham mu?n vi t?).

SÉn.

Vì minh tÖn d?.

ThÖnh t?u:

Kim Cang ??nh (Vajropama-sam?dhi): ??nh l?c kiàn c? nh? kim c??ng, ph† tan m?i l?u ho?c.

Viàn m?n B†t Ch†nh ??o.

Qu? v? cu?i: A-la-h†n (l?u t?n, gi?i tho†t).
BÖi H?c Tr?ng Y?u
Ki?n ??o ? Tu ??o:

Ki?n ??o nh? nhçn th?y ??nh n£i, Tu ??o lÖ leo làn ??nh.

A-la-h†n khìng ph?i ""c?u c†nh"":

Theo ??i Th?a, A-la-h†n c¢ th? h?i tÉm h??ng B? ?? ?? thÖnh B? T†t.

""Th?y Kh? r?i m?i d?t ?i,
Tu? gi†c sinh thç phi?n n?o r?ng!""",3,30,35,28,32,31,29
104,"Thanh V?n Th?a
","Ki?n ??o & Tu ??o V?
",Realm_02.jpg,"Ki?n ??o V? (Dar?ana-m?rga)
??t ph† tÉm linh: L?n ??u tiàn tr?c nh?n T? Di?u ?? nh? th?t:

Kh? ??: LuÉn h?i lÖ b? kh?.

T?p ??: Tham †i lÖ g?c kh?.

Di?t ??: Di?t †i = Di?t kh?.

??o ??: B†t Ch†nh ??o lÖ con ???ng.

?o?n tr?:

ThÉn ki?n (ch?p ""ta"").

Nghi (hoÖi nghi Ph†p).

Gi?i c?m th? (mà t°n nghi l?).

Qu? v?: Ch?ng S? qu? (D? L?u) ? t?i ?a 7 ki?p n?a gi?i tho†t.

Tu ??o V? (Bh?van?-m?rga)
Cìng phu sÉu: Tiàu tr? vi t? phi?n n?o cïn s¢t:

D?c †i (ham mu?n vi t?).

SÉn.

Vì minh tÖn d?.

ThÖnh t?u:

Kim Cang ??nh (Vajropama-sam?dhi): ??nh l?c kiàn c? nh? kim c??ng, ph† tan m?i l?u ho?c.

Viàn m?n B†t Ch†nh ??o.

Qu? v? cu?i: A-la-h†n (l?u t?n, gi?i tho†t).
BÖi H?c Tr?ng Y?u
Ki?n ??o ? Tu ??o:

Ki?n ??o nh? nhçn th?y ??nh n£i, Tu ??o lÖ leo làn ??nh.

A-la-h†n khìng ph?i ""c?u c†nh"":

Theo ??i Th?a, A-la-h†n c¢ th? h?i tÉm h??ng B? ?? ?? thÖnh B? T†t.

""Th?y Kh? r?i m?i d?t ?i,
Tu? gi†c sinh thç phi?n n?o r?ng!""",3,30,35,28,32,31,29
